Region,SourceRow,AssmentYr,ProjYear,lag,Species,Area,OFL,ABC,TAC,Order,OY,IsTotal
BSAI,2572,1985,1986,1,Pollock,BS,,,1200000,1,1,PollockBS
BSAI,2573,1985,1986,1,Pollock,AI,,,100000,1,1,PollockAI
BSAI,2574,1985,1986,1,Pollock,Bogoslof,,,,1,1,PollockBogoslof
BSAI,2575,1985,1986,1,Pacific cod,BSAI,,,229000,2,1,Pacific codBSAI
BSAI,2578,1985,1986,1,Sablefish,BSAI Total,,,,3,1,SablefishBSAI Total
BSAI,2580,1985,1986,1,Sablefish,BS,,,2250,3,1,SablefishBS
BSAI,2581,1985,1986,1,Sablefish,AI,,,4200,3,1,SablefishAI
BSAI,2582,1985,1986,1,Yellowfin sole,BSAI,,,209500,4,1,Yellowfin soleBSAI
BSAI,2583,1985,1986,1,Greenland turbot,BSAI,,,33000,5,1,Greenland turbotBSAI
BSAI,2586,1985,1986,1,Arrowtooth flounder,BSAI,,,20000,6,1,Arrowtooth flounderBSAI
BSAI,2587,1985,1986,1,Kamchatka flounder,BSAI,,,,7,1,Kamchatka flounderBSAI
BSAI,2588,1985,1986,1,Northern rock sole,BSAI,,,,8,1,Northern rock soleBSAI
BSAI,2589,1985,1986,1,Flathead sole,BSAI,,,,9,1,Flathead soleBSAI
BSAI,2590,1985,1986,1,Alaska plaice,BSAI,,,,10,1,Alaska plaiceBSAI
BSAI,2591,1985,1986,1,Other flatfish,BSAI,,,124200,11,1,Other flatfishBSAI
BSAI,2592,1985,1986,1,Pacific ocean perch,BSAI,,,,12,1,Pacific ocean perchBSAI
BSAI,2598,1985,1986,1,Sharpchin/Northern,BSAI,,,,19,1,Sharpchin/NorthernBSAI
BSAI,2601,1985,1986,1,Northern rockfish,BSAI,,,,13,1,Northern rockfishBSAI
BSAI,2604,1985,1986,1,Blackspotted/Rougheye rockfish,BSAI,,,,14,1,Blackspotted/Rougheye rockfishBSAI
BSAI,2607,1985,1986,1,Shortraker rockfish,BSAI,,,,15,1,Shortraker rockfishBSAI
BSAI,2608,1985,1986,1,Shortraker rockfish,BSAI,,,,15,1,Shortraker rockfishBSAI
BSAI,2613,1985,1986,1,Other Red rockfish,BSAI,,,6625,11,1,Other Red rockfishBSAI
BSAI,2616,1985,1986,1,Atka mackerel,BSAI,,,30800,17,1,Atka mackerelBSAI
BSAI,2620,1985,1986,1,Skates,BSAI,,,,18,1,SkatesBSAI
BSAI,2621,1985,1986,1,Sculpins,BSAI,,,,15,1,SculpinsBSAI
BSAI,2622,1985,1986,1,Sharks,BSAI,,,,19,1,SharksBSAI
BSAI,2623,1985,1986,1,Squids,BSAI,,,5000,21,1,SquidsBSAI
BSAI,2624,1985,1986,1,Octopuses,BSAI,,,,20,1,OctopusesBSAI
BSAI,2625,1985,1986,1,Other species,BSAI,,,27800,16,1,Other speciesBSAI
BSAI,2518,1986,1987,1,Pollock,BS,,,1200000,1,1,PollockBS
BSAI,2519,1986,1987,1,Pollock,AI,,,88000,1,1,PollockAI
BSAI,2520,1986,1987,1,Pollock,Bogoslof,,,,1,1,PollockBogoslof
BSAI,2521,1986,1987,1,Pacific cod,BSAI,,,280000,2,1,Pacific codBSAI
BSAI,2524,1986,1987,1,Sablefish,BSAI Total,,,,3,1,SablefishBSAI Total
BSAI,2526,1986,1987,1,Sablefish,BS,,,3700,3,1,SablefishBS
BSAI,2527,1986,1987,1,Sablefish,AI,,,4000,3,1,SablefishAI
BSAI,2528,1986,1987,1,Yellowfin sole,BSAI,,,187000,4,1,Yellowfin soleBSAI
BSAI,2529,1986,1987,1,Greenland turbot,BSAI,,,20000,5,1,Greenland turbotBSAI
BSAI,2532,1986,1987,1,Arrowtooth flounder,BSAI,,,9795,6,1,Arrowtooth flounderBSAI
BSAI,2533,1986,1987,1,Kamchatka flounder,BSAI,,,,7,1,Kamchatka flounderBSAI
BSAI,2534,1986,1987,1,Northern rock sole,BSAI,,,,8,1,Northern rock soleBSAI
BSAI,2535,1986,1987,1,Flathead sole,BSAI,,,,9,1,Flathead soleBSAI
BSAI,2536,1986,1987,1,Alaska plaice,BSAI,,,,10,1,Alaska plaiceBSAI
BSAI,2537,1986,1987,1,Other flatfish,BSAI,,,148300,11,1,Other flatfishBSAI
BSAI,2538,1986,1987,1,Pacific ocean perch,BSAI,,,,12,1,Pacific ocean perchBSAI
BSAI,2544,1986,1987,1,Sharpchin/Northern,BSAI,,,,19,1,Sharpchin/NorthernBSAI
BSAI,2547,1986,1987,1,Northern rockfish,BSAI,,,,13,1,Northern rockfishBSAI
BSAI,2550,1986,1987,1,Blackspotted/Rougheye rockfish,BSAI,,,,14,1,Blackspotted/Rougheye rockfishBSAI
BSAI,2553,1986,1987,1,Shortraker rockfish,BSAI,,,,15,1,Shortraker rockfishBSAI
BSAI,2554,1986,1987,1,Shortraker rockfish,BSAI,,,,15,1,Shortraker rockfishBSAI
BSAI,2559,1986,1987,1,Other Red rockfish,BSAI,,,1880,11,1,Other Red rockfishBSAI
BSAI,2562,1986,1987,1,Atka mackerel,BSAI,,,30800,17,1,Atka mackerelBSAI
BSAI,2566,1986,1987,1,Skates,BSAI,,,,18,1,SkatesBSAI
BSAI,2567,1986,1987,1,Sculpins,BSAI,,,,15,1,SculpinsBSAI
BSAI,2568,1986,1987,1,Sharks,BSAI,,,,19,1,SharksBSAI
BSAI,2569,1986,1987,1,Squids,BSAI,,,500,21,1,SquidsBSAI
BSAI,2570,1986,1987,1,Octopuses,BSAI,,,,20,1,OctopusesBSAI
BSAI,2571,1986,1987,1,Other species,BSAI,,,15000,16,1,Other speciesBSAI
BSAI,2464,1987,1988,1,Pollock,BS,,1500000,1300000,1,1,PollockBS
BSAI,2465,1987,1988,1,Pollock,AI,,160000,45000,1,1,PollockAI
BSAI,2466,1987,1988,1,Pollock,Bogoslof,,,,1,1,PollockBogoslof
BSAI,2467,1987,1988,1,Pacific cod,BSAI,,385300,200000,2,1,Pacific codBSAI
BSAI,2470,1987,1988,1,Sablefish,BSAI Total,,,,3,1,SablefishBSAI Total
BSAI,2472,1987,1988,1,Sablefish,BS,,3400,3400,3,1,SablefishBS
BSAI,2473,1987,1988,1,Sablefish,AI,,5800,5000,3,1,SablefishAI
BSAI,2474,1987,1988,1,Yellowfin sole,BSAI,,254000,254000,4,1,Yellowfin soleBSAI
BSAI,2475,1987,1988,1,Greenland turbot,BSAI,,14100,11200,5,1,Greenland turbotBSAI
BSAI,2478,1987,1988,1,Arrowtooth flounder,BSAI,,99500,5531,6,1,Arrowtooth flounderBSAI
BSAI,2479,1987,1988,1,Kamchatka flounder,BSAI,,,,7,1,Kamchatka flounderBSAI
BSAI,2480,1987,1988,1,Northern rock sole,BSAI,,,,8,1,Northern rock soleBSAI
BSAI,2481,1987,1988,1,Flathead sole,BSAI,,,,9,1,Flathead soleBSAI
BSAI,2482,1987,1988,1,Alaska plaice,BSAI,,,,10,1,Alaska plaiceBSAI
BSAI,2483,1987,1988,1,Other flatfish,BSAI,,331900,131369,11,1,Other flatfishBSAI
BSAI,2484,1987,1988,1,Pacific ocean perch,BSAI,,,,12,1,Pacific ocean perchBSAI
BSAI,2490,1987,1988,1,Sharpchin/Northern,BSAI,,,,19,1,Sharpchin/NorthernBSAI
BSAI,2493,1987,1988,1,Northern rockfish,BSAI,,,,13,1,Northern rockfishBSAI
BSAI,2496,1987,1988,1,Blackspotted/Rougheye rockfish,BSAI,,,,14,1,Blackspotted/Rougheye rockfishBSAI
BSAI,2499,1987,1988,1,Shortraker rockfish,BSAI,,,,15,1,Shortraker rockfishBSAI
BSAI,2500,1987,1988,1,Shortraker rockfish,BSAI,,,,15,1,Shortraker rockfishBSAI
BSAI,2505,1987,1988,1,Other Red rockfish,BSAI,,1500,1500,11,1,Other Red rockfishBSAI
BSAI,2508,1987,1988,1,Atka mackerel,BSAI,,21000,21000,17,1,Atka mackerelBSAI
BSAI,2512,1987,1988,1,Skates,BSAI,,,,18,1,SkatesBSAI
BSAI,2513,1987,1988,1,Sculpins,BSAI,,,,15,1,SculpinsBSAI
BSAI,2514,1987,1988,1,Sharks,BSAI,,,,19,1,SharksBSAI
BSAI,2515,1987,1988,1,Squids,BSAI,,10000,1000,21,1,SquidsBSAI
BSAI,2516,1987,1988,1,Octopuses,BSAI,,,,20,1,OctopusesBSAI
BSAI,2517,1987,1988,1,Other species,BSAI,,54000,10000,16,1,Other speciesBSAI
BSAI,2410,1988,1989,1,Pollock,BS,,1340000,1340000,1,1,PollockBS
BSAI,2411,1988,1989,1,Pollock,AI,,117900,13450,1,1,PollockAI
BSAI,2412,1988,1989,1,Pollock,Bogoslof,,,,1,1,PollockBogoslof
BSAI,2413,1988,1989,1,Pacific cod,BSAI,,370600,230681,2,1,Pacific codBSAI
BSAI,2416,1988,1989,1,Sablefish,BSAI Total,,,,3,1,SablefishBSAI Total
BSAI,2418,1988,1989,1,Sablefish,BS,,2800,2800,3,1,SablefishBS
BSAI,2419,1988,1989,1,Sablefish,AI,,3400,3400,3,1,SablefishAI
BSAI,2420,1988,1989,1,Yellowfin sole,BSAI,,241000,182675,4,1,Yellowfin soleBSAI
BSAI,2421,1988,1989,1,Greenland turbot,BSAI,,20300,8000,5,1,Greenland turbotBSAI
BSAI,2424,1988,1989,1,Arrowtooth flounder,BSAI,,163700,6000,6,1,Arrowtooth flounderBSAI
BSAI,2425,1988,1989,1,Kamchatka flounder,BSAI,,,,7,1,Kamchatka flounderBSAI
BSAI,2426,1988,1989,1,Northern rock sole,BSAI,,171000,90762,8,1,Northern rock soleBSAI
BSAI,2427,1988,1989,1,Flathead sole,BSAI,,,,9,1,Flathead soleBSAI
BSAI,2428,1988,1989,1,Alaska plaice,BSAI,,,,10,1,Alaska plaiceBSAI
BSAI,2429,1988,1989,1,Other flatfish,BSAI,,155900,75183,11,1,Other flatfishBSAI
BSAI,2430,1988,1989,1,Pacific ocean perch,BSAI,,,,12,1,Pacific ocean perchBSAI
BSAI,2436,1988,1989,1,Sharpchin/Northern,BSAI,,,,19,1,Sharpchin/NorthernBSAI
BSAI,2439,1988,1989,1,Northern rockfish,BSAI,,,,13,1,Northern rockfishBSAI
BSAI,2442,1988,1989,1,Blackspotted/Rougheye rockfish,BSAI,,,,14,1,Blackspotted/Rougheye rockfishBSAI
BSAI,2445,1988,1989,1,Shortraker rockfish,BSAI,,,,15,1,Shortraker rockfishBSAI
BSAI,2446,1988,1989,1,Shortraker rockfish,BSAI,,,,15,1,Shortraker rockfishBSAI
BSAI,2451,1988,1989,1,Other Red rockfish,BSAI,,1500,1500,11,1,Other Red rockfishBSAI
BSAI,2454,1988,1989,1,Atka mackerel,BSAI,,21000,20285,17,1,Atka mackerelBSAI
BSAI,2458,1988,1989,1,Skates,BSAI,,,,18,1,SkatesBSAI
BSAI,2459,1988,1989,1,Sculpins,BSAI,,,,15,1,SculpinsBSAI
BSAI,2460,1988,1989,1,Sharks,BSAI,,,,19,1,SharksBSAI
BSAI,2461,1988,1989,1,Squids,BSAI,,10000,1000,21,1,SquidsBSAI
BSAI,2462,1988,1989,1,Octopuses,BSAI,,,,20,1,OctopusesBSAI
BSAI,2463,1988,1989,1,Other species,BSAI,,59000,13264,16,1,Other speciesBSAI
BSAI,2356,1989,1990,1,Pollock,BS,,1450000,1280000,1,1,PollockBS
BSAI,2357,1989,1990,1,Pollock,AI,,153600,100000,1,1,PollockAI
BSAI,2358,1989,1990,1,Pollock,Bogoslof,,,,1,1,PollockBogoslof
BSAI,2359,1989,1990,1,Pacific cod,BSAI,,417000,227000,2,1,Pacific codBSAI
BSAI,2362,1989,1990,1,Sablefish,BSAI Total,,,,3,1,SablefishBSAI Total
BSAI,2364,1989,1990,1,Sablefish,BS,,2700,2700,3,1,SablefishBS
BSAI,2365,1989,1990,1,Sablefish,AI,,4500,4500,3,1,SablefishAI
BSAI,2366,1989,1990,1,Yellowfin sole,BSAI,,278900,207650,4,1,Yellowfin soleBSAI
BSAI,2367,1989,1990,1,Greenland turbot,BSAI,,7000,7000,5,1,Greenland turbotBSAI
BSAI,2370,1989,1990,1,Arrowtooth flounder,BSAI,,106500,10000,6,1,Arrowtooth flounderBSAI
BSAI,2371,1989,1990,1,Kamchatka flounder,BSAI,,,,7,1,Kamchatka flounderBSAI
BSAI,2372,1989,1990,1,Northern rock sole,BSAI,,216300,60000,8,1,Northern rock soleBSAI
BSAI,2373,1989,1990,1,Flathead sole,BSAI,,,,9,1,Flathead soleBSAI
BSAI,2374,1989,1990,1,Alaska plaice,BSAI,,,,10,1,Alaska plaiceBSAI
BSAI,2375,1989,1990,1,Other flatfish,BSAI,,188000,60150,11,1,Other flatfishBSAI
BSAI,2376,1989,1990,1,Pacific ocean perch,BSAI,,,,12,1,Pacific ocean perchBSAI
BSAI,2382,1989,1990,1,Sharpchin/Northern,BSAI,,,,19,1,Sharpchin/NorthernBSAI
BSAI,2385,1989,1990,1,Northern rockfish,BSAI,,,,13,1,Northern rockfishBSAI
BSAI,2388,1989,1990,1,Blackspotted/Rougheye rockfish,BSAI,,,,14,1,Blackspotted/Rougheye rockfishBSAI
BSAI,2391,1989,1990,1,Shortraker rockfish,BSAI,,,,15,1,Shortraker rockfishBSAI
BSAI,2392,1989,1990,1,Shortraker rockfish,BSAI,,,,15,1,Shortraker rockfishBSAI
BSAI,2397,1989,1990,1,Other Red rockfish,BSAI,,1600,1600,11,1,Other Red rockfishBSAI
BSAI,2400,1989,1990,1,Atka mackerel,BSAI,,24000,21000,17,1,Atka mackerelBSAI
BSAI,2404,1989,1990,1,Skates,BSAI,,,,18,1,SkatesBSAI
BSAI,2405,1989,1990,1,Sculpins,BSAI,,,,15,1,SculpinsBSAI
BSAI,2406,1989,1990,1,Sharks,BSAI,,,,19,1,SharksBSAI
BSAI,2407,1989,1990,1,Squids,BSAI,,10000,500,21,1,SquidsBSAI
BSAI,2408,1989,1990,1,Octopuses,BSAI,,,,20,1,OctopusesBSAI
BSAI,2409,1989,1990,1,Other species,BSAI,,55500,5000,16,1,Other speciesBSAI
BSAI,2302,1990,1991,1,Pollock,BS,,1676000,1300000,1,1,PollockBS
BSAI,2303,1990,1991,1,Pollock,AI,,101460,85000,1,1,PollockAI
BSAI,2304,1990,1991,1,Pollock,Bogoslof,,,,1,1,PollockBogoslof
BSAI,2305,1990,1991,1,Pacific cod,BSAI,,229000,229000,2,1,Pacific codBSAI
BSAI,2308,1990,1991,1,Sablefish,BSAI Total,,,,3,1,SablefishBSAI Total
BSAI,2310,1990,1991,1,Sablefish,BS,,3100,3100,3,1,SablefishBS
BSAI,2311,1990,1991,1,Sablefish,AI,,3200,3200,3,1,SablefishAI
BSAI,2312,1990,1991,1,Yellowfin sole,BSAI,,250600,135000,4,1,Yellowfin soleBSAI
BSAI,2313,1990,1991,1,Greenland turbot,BSAI,,7000,7000,5,1,Greenland turbotBSAI
BSAI,2316,1990,1991,1,Arrowtooth flounder,BSAI,,116400,20000,6,1,Arrowtooth flounderBSAI
BSAI,2317,1990,1991,1,Kamchatka flounder,BSAI,,,,7,1,Kamchatka flounderBSAI
BSAI,2318,1990,1991,1,Northern rock sole,BSAI,,246500,90000,8,1,Northern rock soleBSAI
BSAI,2319,1990,1991,1,Flathead sole,BSAI,,,,9,1,Flathead soleBSAI
BSAI,2320,1990,1991,1,Alaska plaice,BSAI,,,,10,1,Alaska plaiceBSAI
BSAI,2321,1990,1991,1,Other flatfish,BSAI,,219700,64675,11,1,Other flatfishBSAI
BSAI,2322,1990,1991,1,Pacific ocean perch,BSAI,,,,12,1,Pacific ocean perchBSAI
BSAI,2328,1990,1991,1,Sharpchin/Northern,BSAI,0,0,0,19,1,Sharpchin/NorthernBSAI
BSAI,2331,1990,1991,1,Northern rockfish,BSAI,,,,13,1,Northern rockfishBSAI
BSAI,2334,1990,1991,1,Blackspotted/Rougheye rockfish,BSAI,,,,14,1,Blackspotted/Rougheye rockfishBSAI
BSAI,2337,1990,1991,1,Shortraker rockfish,BSAI,,,,15,1,Shortraker rockfishBSAI
BSAI,2338,1990,1991,1,Shortraker rockfish,BSAI,,,,15,1,Shortraker rockfishBSAI
BSAI,2343,1990,1991,1,Other Red rockfish,BSAI,,1325,1325,11,1,Other Red rockfishBSAI
BSAI,2346,1990,1991,1,Atka mackerel,BSAI,,24000,24000,17,1,Atka mackerelBSAI
BSAI,2350,1990,1991,1,Skates,BSAI,,,,18,1,SkatesBSAI
BSAI,2351,1990,1991,1,Sculpins,BSAI,,,,15,1,SculpinsBSAI
BSAI,2352,1990,1991,1,Sharks,BSAI,,,,19,1,SharksBSAI
BSAI,2353,1990,1991,1,Squids,BSAI,,3800,1000,21,1,SquidsBSAI
BSAI,2354,1990,1991,1,Octopuses,BSAI,,,,20,1,OctopusesBSAI
BSAI,2355,1990,1991,1,Other species,BSAI,,28700,15000,16,1,Other speciesBSAI
BSAI,2248,1991,1992,1,Pollock,BS,1770000,1490000,1300000,1,1,PollockBS
BSAI,2249,1991,1992,1,Pollock,AI,62400,51600,51600,1,1,PollockAI
BSAI,2250,1991,1992,1,Pollock,Bogoslof,25000,25000,1000,1,1,PollockBogoslof
BSAI,2251,1991,1992,1,Pacific cod,BSAI,188000,182000,182000,2,1,Pacific codBSAI
BSAI,2254,1991,1992,1,Sablefish,BSAI Total,,,,3,1,SablefishBSAI Total
BSAI,2256,1991,1992,1,Sablefish,BS,1840,1400,1400,3,1,SablefishBS
BSAI,2257,1991,1992,1,Sablefish,AI,4030,3000,3000,3,1,SablefishAI
BSAI,2258,1991,1992,1,Yellowfin sole,BSAI,452000,372000,235000,4,1,Yellowfin soleBSAI
BSAI,2259,1991,1992,1,Greenland turbot,BSAI,34600,7000,7000,5,1,Greenland turbotBSAI
BSAI,2262,1991,1992,1,Arrowtooth flounder,BSAI,114000,82300,10000,6,1,Arrowtooth flounderBSAI
BSAI,2263,1991,1992,1,Kamchatka flounder,BSAI,,,,7,1,Kamchatka flounderBSAI
BSAI,2264,1991,1992,1,Northern rock sole,BSAI,260800,260800,40000,8,1,Northern rock soleBSAI
BSAI,2265,1991,1992,1,Flathead sole,BSAI,,,,9,1,Flathead soleBSAI
BSAI,2266,1991,1992,1,Alaska plaice,BSAI,,,,10,1,Alaska plaiceBSAI
BSAI,2267,1991,1992,1,Other flatfish,BSAI,289000,199600,79000,11,1,Other flatfishBSAI
BSAI,2268,1991,1992,1,Pacific ocean perch,BSAI,,,,12,1,Pacific ocean perchBSAI
BSAI,2274,1991,1992,1,Sharpchin/Northern,BSAI,5670,5670,5670,19,1,Sharpchin/NorthernBSAI
BSAI,2277,1991,1992,1,Northern rockfish,BSAI,,,,13,1,Northern rockfishBSAI
BSAI,2280,1991,1992,1,Blackspotted/Rougheye rockfish,BSAI,,,,14,1,Blackspotted/Rougheye rockfishBSAI
BSAI,2283,1991,1992,1,Shortraker rockfish,BSAI,,,,15,1,Shortraker rockfishBSAI
BSAI,2284,1991,1992,1,Shortraker rockfish,BSAI,,,,15,1,Shortraker rockfishBSAI
BSAI,2289,1991,1992,1,Other Red rockfish,BSAI,1325,1325,1325,11,1,Other Red rockfishBSAI
BSAI,2292,1991,1992,1,Atka mackerel,BSAI,435000,43000,43000,17,1,Atka mackerelBSAI
BSAI,2296,1991,1992,1,Skates,BSAI,,,,18,1,SkatesBSAI
BSAI,2297,1991,1992,1,Sculpins,BSAI,,,,15,1,SculpinsBSAI
BSAI,2298,1991,1992,1,Sharks,BSAI,,,,19,1,SharksBSAI
BSAI,2299,1991,1992,1,Squids,BSAI,3600,3600,2000,21,1,SquidsBSAI
BSAI,2300,1991,1992,1,Octopuses,BSAI,,,,20,1,OctopusesBSAI
BSAI,2301,1991,1992,1,Other species,BSAI,27200,27200,20000,16,1,Other speciesBSAI
BSAI,2194,1992,1993,1,Pollock,BS,1340000,1340000,1300000,1,1,PollockBS
BSAI,2195,1992,1993,1,Pollock,AI,62600,58700,51600,1,1,PollockAI
BSAI,2196,1992,1993,1,Pollock,Bogoslof,42000,42000,1000,1,1,PollockBogoslof
BSAI,2197,1992,1993,1,Pacific cod,BSAI,192000,164500,164500,2,1,Pacific codBSAI
BSAI,2200,1992,1993,1,Sablefish,BSAI Total,,,,3,1,SablefishBSAI Total
BSAI,2202,1992,1993,1,Sablefish,BS,2000,1500,1500,3,1,SablefishBS
BSAI,2203,1992,1993,1,Sablefish,AI,3500,2600,2600,3,1,SablefishAI
BSAI,2204,1992,1993,1,Yellowfin sole,BSAI,275000,238000,220000,4,1,Yellowfin soleBSAI
BSAI,2205,1992,1993,1,Greenland turbot,BSAI,10500,7000,7000,5,1,Greenland turbotBSAI
BSAI,2208,1992,1993,1,Arrowtooth flounder,BSAI,96000,72000,10000,6,1,Arrowtooth flounderBSAI
BSAI,2209,1992,1993,1,Kamchatka flounder,BSAI,,,,7,1,Kamchatka flounderBSAI
BSAI,2210,1992,1993,1,Northern rock sole,BSAI,270000,185000,75000,8,1,Northern rock soleBSAI
BSAI,2211,1992,1993,1,Flathead sole,BSAI,,,,9,1,Flathead soleBSAI
BSAI,2212,1992,1993,1,Alaska plaice,BSAI,,,,10,1,Alaska plaiceBSAI
BSAI,2213,1992,1993,1,Other flatfish,BSAI,228000,191000,79000,11,1,Other flatfishBSAI
BSAI,2214,1992,1993,1,Pacific ocean perch,BSAI,,,,12,1,Pacific ocean perchBSAI
BSAI,2220,1992,1993,1,Sharpchin/Northern,BSAI,5670,5670,5100,19,1,Sharpchin/NorthernBSAI
BSAI,2223,1992,1993,1,Northern rockfish,BSAI,,,,13,1,Northern rockfishBSAI
BSAI,2226,1992,1993,1,Blackspotted/Rougheye rockfish,BSAI,,,,14,1,Blackspotted/Rougheye rockfishBSAI
BSAI,2229,1992,1993,1,Shortraker rockfish,BSAI,,,,15,1,Shortraker rockfishBSAI
BSAI,2230,1992,1993,1,Shortraker rockfish,BSAI,,,,15,1,Shortraker rockfishBSAI
BSAI,2235,1992,1993,1,Other Red rockfish,BSAI,1325,1325,1190,11,1,Other Red rockfishBSAI
BSAI,2238,1992,1993,1,Atka mackerel,BSAI,771000,117100,32000,17,1,Atka mackerelBSAI
BSAI,2242,1992,1993,1,Skates,BSAI,,,,18,1,SkatesBSAI
BSAI,2243,1992,1993,1,Sculpins,BSAI,,,,15,1,SculpinsBSAI
BSAI,2244,1992,1993,1,Sharks,BSAI,,,,19,1,SharksBSAI
BSAI,2245,1992,1993,1,Squids,BSAI,3400,3400,2000,21,1,SquidsBSAI
BSAI,2246,1992,1993,1,Octopuses,BSAI,,,,20,1,OctopusesBSAI
BSAI,2247,1992,1993,1,Other species,BSAI,26600,26600,26600,16,1,Other speciesBSAI
BSAI,2140,1993,1994,1,Pollock,BS,1590000,1330000,1330000,1,1,PollockBS
BSAI,2141,1993,1994,1,Pollock,AI,60400,56600,56600,1,1,PollockAI
BSAI,2142,1993,1994,1,Pollock,Bogoslof,31750,31750,1000,1,1,PollockBogoslof
BSAI,2143,1993,1994,1,Pacific cod,BSAI,228000,191000,191000,2,1,Pacific codBSAI
BSAI,2146,1993,1994,1,Sablefish,BSAI Total,,,,3,1,SablefishBSAI Total
BSAI,2148,1993,1994,1,Sablefish,BS,670,540,540,3,1,SablefishBS
BSAI,2149,1993,1994,1,Sablefish,AI,3490,2800,2800,3,1,SablefishAI
BSAI,2150,1993,1994,1,Yellowfin sole,BSAI,269000,230000,150325,4,1,Yellowfin soleBSAI
BSAI,2151,1993,1994,1,Greenland turbot,BSAI,24800,7000,7000,5,1,Greenland turbotBSAI
BSAI,2154,1993,1994,1,Arrowtooth flounder,BSAI,130000,93400,10000,6,1,Arrowtooth flounderBSAI
BSAI,2155,1993,1994,1,Kamchatka flounder,BSAI,,,,7,1,Kamchatka flounderBSAI
BSAI,2156,1993,1994,1,Northern rock sole,BSAI,363000,313000,75000,8,1,Northern rock soleBSAI
BSAI,2157,1993,1994,1,Flathead sole,BSAI,,,,9,1,Flathead soleBSAI
BSAI,2158,1993,1994,1,Alaska plaice,BSAI,,,,10,1,Alaska plaiceBSAI
BSAI,2159,1993,1994,1,Other flatfish,BSAI,270000,225000,56000,11,1,Other flatfishBSAI
BSAI,2160,1993,1994,1,Pacific ocean perch,BSAI,,,,12,1,Pacific ocean perchBSAI
BSAI,2166,1993,1994,1,Sharpchin/Northern,BSAI,5670,5670,5670,19,1,Sharpchin/NorthernBSAI
BSAI,2169,1993,1994,1,Northern rockfish,BSAI,,,,13,1,Northern rockfishBSAI
BSAI,2172,1993,1994,1,Blackspotted/Rougheye rockfish,BSAI,,,,14,1,Blackspotted/Rougheye rockfishBSAI
BSAI,2175,1993,1994,1,Shortraker rockfish,BSAI,,,,15,1,Shortraker rockfishBSAI
BSAI,2176,1993,1994,1,Shortraker rockfish,BSAI,,,,15,1,Shortraker rockfishBSAI
BSAI,2181,1993,1994,1,Other Red rockfish,BSAI,1135,1135,1135,11,1,Other Red rockfishBSAI
BSAI,2184,1993,1994,1,Atka mackerel,BSAI,484000,122500,68000,17,1,Atka mackerelBSAI
BSAI,2188,1993,1994,1,Skates,BSAI,,,,18,1,SkatesBSAI
BSAI,2189,1993,1994,1,Sculpins,BSAI,,,,15,1,SculpinsBSAI
BSAI,2190,1993,1994,1,Sharks,BSAI,,,,19,1,SharksBSAI
BSAI,2191,1993,1994,1,Squids,BSAI,3110,3110,3110,21,1,SquidsBSAI
BSAI,2192,1993,1994,1,Octopuses,BSAI,,,,20,1,OctopusesBSAI
BSAI,2193,1993,1994,1,Other species,BSAI,141000,27500,26390,16,1,Other speciesBSAI
BSAI,2086,1994,1995,1,Pollock,BS,1500000,1250000,1250000,1,1,PollockBS
BSAI,2087,1994,1995,1,Pollock,AI,60400,56600,56600,1,1,PollockAI
BSAI,2088,1994,1995,1,Pollock,Bogoslof,22100,22100,1000,1,1,PollockBogoslof
BSAI,2089,1994,1995,1,Pacific cod,BSAI,390000,328000,250000,2,1,Pacific codBSAI
BSAI,2092,1994,1995,1,Sablefish,BSAI Total,4900,3800,3800,3,1,SablefishBSAI Total
BSAI,2094,1994,1995,1,Sablefish,BS,,1600,1600,3,1,SablefishBS
BSAI,2095,1994,1995,1,Sablefish,AI,,2200,2200,3,1,SablefishAI
BSAI,2096,1994,1995,1,Yellowfin sole,BSAI,319000,277000,190000,4,1,Yellowfin soleBSAI
BSAI,2097,1994,1995,1,Greenland turbot,BSAI,27200,7000,7000,5,1,Greenland turbotBSAI
BSAI,2100,1994,1995,1,Arrowtooth flounder,BSAI,138000,113000,10227,6,1,Arrowtooth flounderBSAI
BSAI,2101,1994,1995,1,Kamchatka flounder,BSAI,,,,7,1,Kamchatka flounderBSAI
BSAI,2102,1994,1995,1,Northern rock sole,BSAI,388000,347000,60000,8,1,Northern rock soleBSAI
BSAI,2103,1994,1995,1,Flathead sole,BSAI,167000,138000,30000,9,1,Flathead soleBSAI
BSAI,2104,1994,1995,1,Alaska plaice,BSAI,,,,10,1,Alaska plaiceBSAI
BSAI,2105,1994,1995,1,Other flatfish,BSAI,137000,117000,19540,11,1,Other flatfishBSAI
BSAI,2106,1994,1995,1,Pacific ocean perch,BSAI,,,,12,1,Pacific ocean perchBSAI
BSAI,2112,1994,1995,1,Sharpchin/Northern,BSAI,5670,5670,5103,19,1,Sharpchin/NorthernBSAI
BSAI,2115,1994,1995,1,Northern rockfish,BSAI,,,,13,1,Northern rockfishBSAI
BSAI,2118,1994,1995,1,Blackspotted/Rougheye rockfish,BSAI,,,,14,1,Blackspotted/Rougheye rockfishBSAI
BSAI,2121,1994,1995,1,Shortraker rockfish,BSAI,,,,15,1,Shortraker rockfishBSAI
BSAI,2122,1994,1995,1,Shortraker rockfish,BSAI,,,,15,1,Shortraker rockfishBSAI
BSAI,2127,1994,1995,1,Other Red rockfish,BSAI,1135,1135,1022,11,1,Other Red rockfishBSAI
BSAI,2130,1994,1995,1,Atka mackerel,BSAI,335000,125000,80000,17,1,Atka mackerelBSAI
BSAI,2134,1994,1995,1,Skates,BSAI,,,,18,1,SkatesBSAI
BSAI,2135,1994,1995,1,Sculpins,BSAI,,,,15,1,SculpinsBSAI
BSAI,2136,1994,1995,1,Sharks,BSAI,,,,19,1,SharksBSAI
BSAI,2137,1994,1995,1,Squids,BSAI,3110,3110,1000,21,1,SquidsBSAI
BSAI,2138,1994,1995,1,Octopuses,BSAI,,,,20,1,OctopusesBSAI
BSAI,2139,1994,1995,1,Other species,BSAI,136000,27600,20000,16,1,Other speciesBSAI
BSAI,2032,1995,1996,1,Pollock,BS,1460000,1190000,1190000,1,1,PollockBS
BSAI,2033,1995,1996,1,Pollock,AI,47000,35600,35600,1,1,PollockAI
BSAI,2034,1995,1996,1,Pollock,Bogoslof,121000,121000,1000,1,1,PollockBogoslof
BSAI,2035,1995,1996,1,Pacific cod,BSAI,420000,305000,270000,2,1,Pacific codBSAI
BSAI,2038,1995,1996,1,Sablefish,BSAI Total,3300,2500,2300,3,1,SablefishBSAI Total
BSAI,2040,1995,1996,1,Sablefish,BS,,1200,1100,3,1,SablefishBS
BSAI,2041,1995,1996,1,Sablefish,AI,,1300,1200,3,1,SablefishAI
BSAI,2042,1995,1996,1,Yellowfin sole,BSAI,342000,278000,200000,4,1,Yellowfin soleBSAI
BSAI,2043,1995,1996,1,Greenland turbot,BSAI,25100,10300,7000,5,1,Greenland turbotBSAI
BSAI,2046,1995,1996,1,Arrowtooth flounder,BSAI,162000,129000,9000,6,1,Arrowtooth flounderBSAI
BSAI,2047,1995,1996,1,Kamchatka flounder,BSAI,,,,7,1,Kamchatka flounderBSAI
BSAI,2048,1995,1996,1,Northern rock sole,BSAI,420000,361000,70000,8,1,Northern rock soleBSAI
BSAI,2049,1995,1996,1,Flathead sole,BSAI,140000,116000,30000,9,1,Flathead soleBSAI
BSAI,2050,1995,1996,1,Alaska plaice,BSAI,,,,10,1,Alaska plaiceBSAI
BSAI,2051,1995,1996,1,Other flatfish,BSAI,120000,102000,35000,11,1,Other flatfishBSAI
BSAI,2052,1995,1996,1,Pacific ocean perch,BSAI,,,,12,1,Pacific ocean perchBSAI
BSAI,2058,1995,1996,1,Sharpchin/Northern,BSAI,5810,5810,5229,19,1,Sharpchin/NorthernBSAI
BSAI,2061,1995,1996,1,Northern rockfish,BSAI,,,,13,1,Northern rockfishBSAI
BSAI,2064,1995,1996,1,Blackspotted/Rougheye rockfish,BSAI,,,,14,1,Blackspotted/Rougheye rockfishBSAI
BSAI,2067,1995,1996,1,Shortraker rockfish,BSAI,,,,15,1,Shortraker rockfishBSAI
BSAI,2068,1995,1996,1,Shortraker rockfish,BSAI,,,,15,1,Shortraker rockfishBSAI
BSAI,2073,1995,1996,1,Other Red rockfish,BSAI,1449,1449,1304,11,1,Other Red rockfishBSAI
BSAI,2076,1995,1996,1,Atka mackerel,BSAI,164000,116000,106157,17,1,Atka mackerelBSAI
BSAI,2080,1995,1996,1,Skates,BSAI,,,,18,1,SkatesBSAI
BSAI,2081,1995,1996,1,Sculpins,BSAI,,,,15,1,SculpinsBSAI
BSAI,2082,1995,1996,1,Sharks,BSAI,,,,19,1,SharksBSAI
BSAI,2083,1995,1996,1,Squids,BSAI,3000,3000,1000,21,1,SquidsBSAI
BSAI,2084,1995,1996,1,Octopuses,BSAI,,,,20,1,OctopusesBSAI
BSAI,2085,1995,1996,1,Other species,BSAI,137000,27600,20125,16,1,Other speciesBSAI
BSAI,1978,1996,1997,1,Pollock,BS,1980000,1130000,1130000,1,1,PollockBS
BSAI,1979,1996,1997,1,Pollock,AI,38000,28000,28000,1,1,PollockAI
BSAI,1980,1996,1997,1,Pollock,Bogoslof,43800,32100,1000,1,1,PollockBogoslof
BSAI,1981,1996,1997,1,Pacific cod,BSAI,418000,306000,270000,2,1,Pacific codBSAI
BSAI,1984,1996,1997,1,Sablefish,BSAI Total,,,,3,1,SablefishBSAI Total
BSAI,1986,1996,1997,1,Sablefish,BS,2750,1308,1100,3,1,SablefishBS
BSAI,1987,1996,1997,1,Sablefish,AI,2860,1367,1200,3,1,SablefishAI
BSAI,1988,1996,1997,1,Yellowfin sole,BSAI,339000,233000,230000,4,1,Yellowfin soleBSAI
BSAI,1989,1996,1997,1,Greenland turbot,BSAI,22600,12350,9000,5,1,Greenland turbotBSAI
BSAI,1992,1996,1997,1,Arrowtooth flounder,BSAI,167000,108000,20760,6,1,Arrowtooth flounderBSAI
BSAI,1993,1996,1997,1,Kamchatka flounder,BSAI,,,,7,1,Kamchatka flounderBSAI
BSAI,1994,1996,1997,1,Northern rock sole,BSAI,427000,296000,97185,8,1,Northern rock soleBSAI
BSAI,1995,1996,1997,1,Flathead sole,BSAI,145000,101000,43500,9,1,Flathead soleBSAI
BSAI,1996,1996,1997,1,Alaska plaice,BSAI,,,,10,1,Alaska plaiceBSAI
BSAI,1997,1996,1997,1,Other flatfish,BSAI,150000,97500,50750,11,1,Other flatfishBSAI
BSAI,1998,1996,1997,1,Pacific ocean perch,BSAI,,,,12,1,Pacific ocean perchBSAI
BSAI,2004,1996,1997,1,Sharpchin/Northern,BSAI,5810,4360,4360,19,1,Sharpchin/NorthernBSAI
BSAI,2007,1996,1997,1,Northern rockfish,BSAI,,,,13,1,Northern rockfishBSAI
BSAI,2010,1996,1997,1,Blackspotted/Rougheye rockfish,BSAI,,,,14,1,Blackspotted/Rougheye rockfishBSAI
BSAI,2013,1996,1997,1,Shortraker rockfish,BSAI,,,,15,1,Shortraker rockfishBSAI
BSAI,2014,1996,1997,1,Shortraker rockfish,BSAI,,,,15,1,Shortraker rockfishBSAI
BSAI,2019,1996,1997,1,Other Red rockfish,BSAI,1449,1087,1087,11,1,Other Red rockfishBSAI
BSAI,2022,1996,1997,1,Atka mackerel,BSAI,81600,66700,66700,17,1,Atka mackerelBSAI
BSAI,2026,1996,1997,1,Skates,BSAI,,,,18,1,SkatesBSAI
BSAI,2027,1996,1997,1,Sculpins,BSAI,,,,15,1,SculpinsBSAI
BSAI,2028,1996,1997,1,Sharks,BSAI,,,,19,1,SharksBSAI
BSAI,2029,1996,1997,1,Squids,BSAI,2620,1970,1970,21,1,SquidsBSAI
BSAI,2030,1996,1997,1,Octopuses,BSAI,,,,20,1,OctopusesBSAI
BSAI,2031,1996,1997,1,Other species,BSAI,138000,25800,25800,16,1,Other speciesBSAI
BSAI,1924,1997,1998,1,Pollock,BS,2060000,1110000,1110000,1,1,PollockBS
BSAI,1925,1997,1998,1,Pollock,AI,31700,23800,23800,1,1,PollockAI
BSAI,1926,1997,1998,1,Pollock,Bogoslof,8750,6410,1000,1,1,PollockBogoslof
BSAI,1927,1997,1998,1,Pacific cod,BSAI,336000,210000,210000,2,1,Pacific codBSAI
BSAI,1930,1997,1998,1,Sablefish,BSAI Total,,,,3,1,SablefishBSAI Total
BSAI,1932,1997,1998,1,Sablefish,BS,2160,1300,1300,3,1,SablefishBS
BSAI,1933,1997,1998,1,Sablefish,AI,2230,1380,1380,3,1,SablefishAI
BSAI,1934,1997,1998,1,Yellowfin sole,BSAI,314000,220000,220000,4,1,Yellowfin soleBSAI
BSAI,1935,1997,1998,1,Greenland turbot,BSAI,22300,15000,15000,5,1,Greenland turbotBSAI
BSAI,1938,1997,1998,1,Arrowtooth flounder,BSAI,230000,147000,16000,6,1,Arrowtooth flounderBSAI
BSAI,1939,1997,1998,1,Kamchatka flounder,BSAI,,,,7,1,Kamchatka flounderBSAI
BSAI,1940,1997,1998,1,Northern rock sole,BSAI,449000,312000,100000,8,1,Northern rock soleBSAI
BSAI,1941,1997,1998,1,Flathead sole,BSAI,190000,132000,100000,9,1,Flathead soleBSAI
BSAI,1942,1997,1998,1,Alaska plaice,BSAI,,,,10,1,Alaska plaiceBSAI
BSAI,1943,1997,1998,1,Other flatfish,BSAI,253000,164000,89434,11,1,Other flatfishBSAI
BSAI,1944,1997,1998,1,Pacific ocean perch,BSAI,,,,12,1,Pacific ocean perchBSAI
BSAI,1950,1997,1998,1,Sharpchin/Northern,BSAI,5640,4230,4230,19,1,Sharpchin/NorthernBSAI
BSAI,1953,1997,1998,1,Northern rockfish,BSAI,,,,13,1,Northern rockfishBSAI
BSAI,1956,1997,1998,1,Blackspotted/Rougheye rockfish,BSAI,,,,14,1,Blackspotted/Rougheye rockfishBSAI
BSAI,1959,1997,1998,1,Shortraker rockfish,BSAI,,,,15,1,Shortraker rockfishBSAI
BSAI,1960,1997,1998,1,Shortraker rockfish,BSAI,,,,15,1,Shortraker rockfishBSAI
BSAI,1965,1997,1998,1,Other Red rockfish,BSAI,1405,1054,1054,11,1,Other Red rockfishBSAI
BSAI,1968,1997,1998,1,Atka mackerel,BSAI,134000,64300,64300,17,1,Atka mackerelBSAI
BSAI,1972,1997,1998,1,Skates,BSAI,,,,18,1,SkatesBSAI
BSAI,1973,1997,1998,1,Sculpins,BSAI,,,,15,1,SculpinsBSAI
BSAI,1974,1997,1998,1,Sharks,BSAI,,,,19,1,SharksBSAI
BSAI,1975,1997,1998,1,Squids,BSAI,2620,1970,1970,21,1,SquidsBSAI
BSAI,1976,1997,1998,1,Octopuses,BSAI,,,,20,1,OctopusesBSAI
BSAI,1977,1997,1998,1,Other species,BSAI,134000,25800,25800,16,1,Other speciesBSAI
BSAI,1870,1998,1999,1,Pollock,BS,1720000,992000,992000,1,1,PollockBS
BSAI,1871,1998,1999,1,Pollock,AI,31700,23800,2000,1,1,PollockAI
BSAI,1872,1998,1999,1,Pollock,Bogoslof,21000,15300,1000,1,1,PollockBogoslof
BSAI,1873,1998,1999,1,Pacific cod,BSAI,264000,177000,177000,2,1,Pacific codBSAI
BSAI,1876,1998,1999,1,Sablefish,BSAI Total,,,,3,1,SablefishBSAI Total
BSAI,1878,1998,1999,1,Sablefish,BS,2090,1340,1340,3,1,SablefishBS
BSAI,1879,1998,1999,1,Sablefish,AI,2890,1860,1380,3,1,SablefishAI
BSAI,1880,1998,1999,1,Yellowfin sole,BSAI,308000,212000,207980,4,1,Yellowfin soleBSAI
BSAI,1881,1998,1999,1,Greenland turbot,BSAI,29700,14200,9000,5,1,Greenland turbotBSAI
BSAI,1884,1998,1999,1,Arrowtooth flounder,BSAI,219000,140000,134354,6,1,Arrowtooth flounderBSAI
BSAI,1885,1998,1999,1,Kamchatka flounder,BSAI,,,,7,1,Kamchatka flounderBSAI
BSAI,1886,1998,1999,1,Northern rock sole,BSAI,444000,309000,120000,8,1,Northern rock soleBSAI
BSAI,1887,1998,1999,1,Flathead sole,BSAI,118000,77300,77300,9,1,Flathead soleBSAI
BSAI,1888,1998,1999,1,Alaska plaice,BSAI,,,,10,1,Alaska plaiceBSAI
BSAI,1889,1998,1999,1,Other flatfish,BSAI,248000,154000,154000,11,1,Other flatfishBSAI
BSAI,1890,1998,1999,1,Pacific ocean perch,BSAI,,,,12,1,Pacific ocean perchBSAI
BSAI,1896,1998,1999,1,Sharpchin/Northern,BSAI,5640,4230,4230,19,1,Sharpchin/NorthernBSAI
BSAI,1899,1998,1999,1,Northern rockfish,BSAI,,,,13,1,Northern rockfishBSAI
BSAI,1902,1998,1999,1,Blackspotted/Rougheye rockfish,BSAI,,,,14,1,Blackspotted/Rougheye rockfishBSAI
BSAI,1905,1998,1999,1,Shortraker rockfish,BSAI,,,,15,1,Shortraker rockfishBSAI
BSAI,1906,1998,1999,1,Shortraker rockfish,BSAI,,,,15,1,Shortraker rockfishBSAI
BSAI,1911,1998,1999,1,Other Red rockfish,BSAI,1405,1054,1054,11,1,Other Red rockfishBSAI
BSAI,1914,1998,1999,1,Atka mackerel,BSAI,148000,73300,66400,17,1,Atka mackerelBSAI
BSAI,1918,1998,1999,1,Skates,BSAI,,,,18,1,SkatesBSAI
BSAI,1919,1998,1999,1,Sculpins,BSAI,,,,15,1,SculpinsBSAI
BSAI,1920,1998,1999,1,Sharks,BSAI,,,,19,1,SharksBSAI
BSAI,1921,1998,1999,1,Squids,BSAI,2620,1970,1970,21,1,SquidsBSAI
BSAI,1922,1998,1999,1,Octopuses,BSAI,,,,20,1,OctopusesBSAI
BSAI,1923,1998,1999,1,Other species,BSAI,129000,32860,32860,16,1,Other speciesBSAI
BSAI,1816,1999,2000,1,Pollock,BS,1680000,1139000,1139000,1,1,PollockBS
BSAI,1817,1999,2000,1,Pollock,AI,31700,23800,2000,1,1,PollockAI
BSAI,1818,1999,2000,1,Pollock,Bogoslof,30400,22300,1000,1,1,PollockBogoslof
BSAI,1819,1999,2000,1,Pacific cod,BSAI,240000,193000,193000,2,1,Pacific codBSAI
BSAI,1822,1999,2000,1,Sablefish,BSAI Total,,,,3,1,SablefishBSAI Total
BSAI,1824,1999,2000,1,Sablefish,BS,1750,1470,1470,3,1,SablefishBS
BSAI,1825,1999,2000,1,Sablefish,AI,3090,2430,2430,3,1,SablefishAI
BSAI,1826,1999,2000,1,Yellowfin sole,BSAI,226000,191000,123262,4,1,Yellowfin soleBSAI
BSAI,1827,1999,2000,1,Greenland turbot,BSAI,42000,9300,9300,5,1,Greenland turbotBSAI
BSAI,1830,1999,2000,1,Arrowtooth flounder,BSAI,160000,131000,131000,6,1,Arrowtooth flounderBSAI
BSAI,1831,1999,2000,1,Kamchatka flounder,BSAI,,,,7,1,Kamchatka flounderBSAI
BSAI,1832,1999,2000,1,Northern rock sole,BSAI,273000,230000,134760,8,1,Northern rock soleBSAI
BSAI,1833,1999,2000,1,Flathead sole,BSAI,90000,73500,52652,9,1,Flathead soleBSAI
BSAI,1834,1999,2000,1,Alaska plaice,BSAI,,,,10,1,Alaska plaiceBSAI
BSAI,1835,1999,2000,1,Other flatfish,BSAI,141000,117000,83813,11,1,Other flatfishBSAI
BSAI,1836,1999,2000,1,Pacific ocean perch,BSAI,,,,12,1,Pacific ocean perchBSAI
BSAI,1842,1999,2000,1,Sharpchin/Northern,BSAI,6870,5150,5150,19,1,Sharpchin/NorthernBSAI
BSAI,1845,1999,2000,1,Northern rockfish,BSAI,,,,13,1,Northern rockfishBSAI
BSAI,1848,1999,2000,1,Blackspotted/Rougheye rockfish,BSAI,,,,14,1,Blackspotted/Rougheye rockfishBSAI
BSAI,1851,1999,2000,1,Shortraker rockfish,BSAI,,,,15,1,Shortraker rockfishBSAI
BSAI,1852,1999,2000,1,Shortraker rockfish,BSAI,,,,15,1,Shortraker rockfishBSAI
BSAI,1857,1999,2000,1,Other Red rockfish,BSAI,1405,1054,1054,11,1,Other Red rockfishBSAI
BSAI,1860,1999,2000,1,Atka mackerel,BSAI,119000,70800,70800,17,1,Atka mackerelBSAI
BSAI,1864,1999,2000,1,Skates,BSAI,,,,18,1,SkatesBSAI
BSAI,1865,1999,2000,1,Sculpins,BSAI,,,,15,1,SculpinsBSAI
BSAI,1866,1999,2000,1,Sharks,BSAI,,,,19,1,SharksBSAI
BSAI,1867,1999,2000,1,Squids,BSAI,2620,1970,1970,21,1,SquidsBSAI
BSAI,1868,1999,2000,1,Octopuses,BSAI,,,,20,1,OctopusesBSAI
BSAI,1869,1999,2000,1,Other species,BSAI,71500,31360,31360,16,1,Other speciesBSAI
BSAI,1762,2000,2001,1,Pollock,BS,3536000,1842000,1400000,1,1,PollockBS
BSAI,1763,2000,2001,1,Pollock,AI,31700,23800,2000,1,1,PollockAI
BSAI,1764,2000,2001,1,Pollock,Bogoslof,60200,8470,1000,1,1,PollockBogoslof
BSAI,1765,2000,2001,1,Pacific cod,BSAI,248000,188000,188000,2,1,Pacific codBSAI
BSAI,1768,2000,2001,1,Sablefish,BSAI Total,,,,3,1,SablefishBSAI Total
BSAI,1770,2000,2001,1,Sablefish,BS,1910,1560,1560,3,1,SablefishBS
BSAI,1771,2000,2001,1,Sablefish,AI,3070,2500,2500,3,1,SablefishAI
BSAI,1772,2000,2001,1,Yellowfin sole,BSAI,209000,176000,113000,4,1,Yellowfin soleBSAI
BSAI,1773,2000,2001,1,Greenland turbot,BSAI,31000,8400,8400,5,1,Greenland turbotBSAI
BSAI,1776,2000,2001,1,Arrowtooth flounder,BSAI,141500,117000,22011,6,1,Arrowtooth flounderBSAI
BSAI,1777,2000,2001,1,Kamchatka flounder,BSAI,,,,7,1,Kamchatka flounderBSAI
BSAI,1778,2000,2001,1,Northern rock sole,BSAI,271000,228000,75000,8,1,Northern rock soleBSAI
BSAI,1779,2000,2001,1,Flathead sole,BSAI,102000,84000,40000,9,1,Flathead soleBSAI
BSAI,1780,2000,2001,1,Alaska plaice,BSAI,,,,10,1,Alaska plaiceBSAI
BSAI,1781,2000,2001,1,Other flatfish,BSAI,147000,122000,28000,11,1,Other flatfishBSAI
BSAI,1782,2000,2001,1,Pacific ocean perch,BSAI,,,,12,1,Pacific ocean perchBSAI
BSAI,1788,2000,2001,1,Sharpchin/Northern,BSAI,9020,6764,6764,19,1,Sharpchin/NorthernBSAI
BSAI,1791,2000,2001,1,Northern rockfish,BSAI,,,,13,1,Northern rockfishBSAI
BSAI,1794,2000,2001,1,Blackspotted/Rougheye rockfish,BSAI,,,,14,1,Blackspotted/Rougheye rockfishBSAI
BSAI,1797,2000,2001,1,Shortraker rockfish,BSAI,,,,15,1,Shortraker rockfishBSAI
BSAI,1798,2000,2001,1,Shortraker rockfish,BSAI,1369,1028,1028,15,1,Shortraker rockfishBSAI
BSAI,1803,2000,2001,1,Other Red rockfish,BSAI,1383,1037,1037,11,1,Other Red rockfishBSAI
BSAI,1806,2000,2001,1,Atka mackerel,BSAI,138000,69300,69300,17,1,Atka mackerelBSAI
BSAI,1810,2000,2001,1,Skates,BSAI,,,,18,1,SkatesBSAI
BSAI,1811,2000,2001,1,Sculpins,BSAI,,,,15,1,SculpinsBSAI
BSAI,1812,2000,2001,1,Sharks,BSAI,,,,19,1,SharksBSAI
BSAI,1813,2000,2001,1,Squids,BSAI,2620,1970,1970,21,1,SquidsBSAI
BSAI,1814,2000,2001,1,Octopuses,BSAI,,,,20,1,OctopusesBSAI
BSAI,1815,2000,2001,1,Other species,BSAI,69000,33600,26500,16,1,Other speciesBSAI
BSAI,1708,2001,2002,1,Pollock,BS,3530000,2110000,1485000,1,1,PollockBS
BSAI,1709,2001,2002,1,Pollock,AI,31700,23800,1000,1,1,PollockAI
BSAI,1710,2001,2002,1,Pollock,Bogoslof,46400,4310,100,1,1,PollockBogoslof
BSAI,1711,2001,2002,1,Pacific cod,BSAI,294000,223000,200000,2,1,Pacific codBSAI
BSAI,1714,2001,2002,1,Sablefish,BSAI Total,,,,3,1,SablefishBSAI Total
BSAI,1716,2001,2002,1,Sablefish,BS,2900,1930,1930,3,1,SablefishBS
BSAI,1717,2001,2002,1,Sablefish,AI,3850,2550,2550,3,1,SablefishAI
BSAI,1718,2001,2002,1,Yellowfin sole,BSAI,136000,115000,86000,4,1,Yellowfin soleBSAI
BSAI,1719,2001,2002,1,Greenland turbot,BSAI,36500,8100,8000,5,1,Greenland turbotBSAI
BSAI,1722,2001,2002,1,Arrowtooth flounder,BSAI,137000,113000,16000,6,1,Arrowtooth flounderBSAI
BSAI,1723,2001,2002,1,Kamchatka flounder,BSAI,,,,7,1,Kamchatka flounderBSAI
BSAI,1724,2001,2002,1,Northern rock sole,BSAI,268000,225000,54000,8,1,Northern rock soleBSAI
BSAI,1725,2001,2002,1,Flathead sole,BSAI,101000,82600,25000,9,1,Flathead soleBSAI
BSAI,1726,2001,2002,1,Alaska plaice,BSAI,172000,143000,12000,10,1,Alaska plaiceBSAI
BSAI,1727,2001,2002,1,Other flatfish,BSAI,21800,18100,3000,11,1,Other flatfishBSAI
BSAI,1728,2001,2002,1,Pacific ocean perch,BSAI,17500,14800,14800,12,1,Pacific ocean perchBSAI
BSAI,1734,2001,2002,1,Sharpchin/Northern,BSAI,,,,19,1,Sharpchin/NorthernBSAI
BSAI,1737,2001,2002,1,Northern rockfish,BSAI,9020,6760,6760,13,1,Northern rockfishBSAI
BSAI,1740,2001,2002,1,Blackspotted/Rougheye rockfish,BSAI,,,,14,1,Blackspotted/Rougheye rockfishBSAI
BSAI,1743,2001,2002,1,Shortraker rockfish,BSAI,,,,15,1,Shortraker rockfishBSAI
BSAI,1744,2001,2002,1,Shortraker rockfish,BSAI,1369,1028,1028,15,1,Shortraker rockfishBSAI
BSAI,1749,2001,2002,1,Other Red rockfish,BSAI,1383,1037,1037,11,1,Other Red rockfishBSAI
BSAI,1752,2001,2002,1,Atka mackerel,BSAI,82300,49000,49000,17,1,Atka mackerelBSAI
BSAI,1756,2001,2002,1,Skates,BSAI,,,,18,1,SkatesBSAI
BSAI,1757,2001,2002,1,Sculpins,BSAI,,,,15,1,SculpinsBSAI
BSAI,1758,2001,2002,1,Sharks,BSAI,,,,19,1,SharksBSAI
BSAI,1759,2001,2002,1,Squids,BSAI,2620,1970,1970,21,1,SquidsBSAI
BSAI,1760,2001,2002,1,Octopuses,BSAI,,,,20,1,OctopusesBSAI
BSAI,1761,2001,2002,1,Other species,BSAI,78900,39100,30825,16,1,Other speciesBSAI
BSAI,1654,2002,2003,1,Pollock,BS,3530000,2330000,1491760,1,1,PollockBS
BSAI,1655,2002,2003,1,Pollock,AI,52600,39400,1000,1,1,PollockAI
BSAI,1656,2002,2003,1,Pollock,Bogoslof,45300,4070,50,1,1,PollockBogoslof
BSAI,1657,2002,2003,1,Pacific cod,BSAI,324000,223000,207500,2,1,Pacific codBSAI
BSAI,1660,2002,2003,1,Sablefish,BSAI Total,,,,3,1,SablefishBSAI Total
BSAI,1662,2002,2003,1,Sablefish,BS,4290,2900,2900,3,1,SablefishBS
BSAI,1663,2002,2003,1,Sablefish,AI,4590,3100,3100,3,1,SablefishAI
BSAI,1664,2002,2003,1,Yellowfin sole,BSAI,136000,114000,83750,4,1,Yellowfin soleBSAI
BSAI,1665,2002,2003,1,Greenland turbot,BSAI,17800,5880,4000,5,1,Greenland turbotBSAI
BSAI,1668,2002,2003,1,Arrowtooth flounder,BSAI,139000,112000,12000,6,1,Arrowtooth flounderBSAI
BSAI,1669,2002,2003,1,Kamchatka flounder,BSAI,,,,7,1,Kamchatka flounderBSAI
BSAI,1670,2002,2003,1,Northern rock sole,BSAI,132000,110000,44000,8,1,Northern rock soleBSAI
BSAI,1671,2002,2003,1,Flathead sole,BSAI,81000,66000,20000,9,1,Flathead soleBSAI
BSAI,1672,2002,2003,1,Alaska plaice,BSAI,165000,137000,10000,10,1,Alaska plaiceBSAI
BSAI,1673,2002,2003,1,Other flatfish,BSAI,21400,16000,3000,11,1,Other flatfishBSAI
BSAI,1674,2002,2003,1,Pacific ocean perch,BSAI,18000,15100,14100,12,1,Pacific ocean perchBSAI
BSAI,1680,2002,2003,1,Sharpchin/Northern,BSAI,,,,19,1,Sharpchin/NorthernBSAI
BSAI,1683,2002,2003,1,Northern rockfish,BSAI,9468,7101,6000,13,1,Northern rockfishBSAI
BSAI,1686,2002,2003,1,Blackspotted/Rougheye rockfish,BSAI,,,,14,1,Blackspotted/Rougheye rockfishBSAI
BSAI,1689,2002,2003,1,Shortraker rockfish,BSAI,,,,15,1,Shortraker rockfishBSAI
BSAI,1690,2002,2003,1,Shortraker rockfish,BSAI,1289,967,967,15,1,Shortraker rockfishBSAI
BSAI,1695,2002,2003,1,Other Red rockfish,BSAI,2126,1594,1594,11,1,Other Red rockfishBSAI
BSAI,1698,2002,2003,1,Atka mackerel,BSAI,99700,63000,60000,17,1,Atka mackerelBSAI
BSAI,1702,2002,2003,1,Skates,BSAI,,,,18,1,SkatesBSAI
BSAI,1703,2002,2003,1,Sculpins,BSAI,,,,15,1,SculpinsBSAI
BSAI,1704,2002,2003,1,Sharks,BSAI,,,,19,1,SharksBSAI
BSAI,1705,2002,2003,1,Squids,BSAI,2620,1970,1970,21,1,SquidsBSAI
BSAI,1706,2002,2003,1,Octopuses,BSAI,,,,20,1,OctopusesBSAI
BSAI,1707,2002,2003,1,Other species,BSAI,81100,43300,32309,16,1,Other speciesBSAI
BSAI,1600,2003,2004,1,Pollock,BS,2100000,1960000,1478500,1,1,PollockBS
BSAI,1601,2003,2004,1,Pollock,AI,39100,29400,19000,1,1,PollockAI
BSAI,1602,2003,2004,1,Pollock,Bogoslof,39600,2570,10,1,1,PollockBogoslof
BSAI,1603,2003,2004,1,Pacific cod,BSAI,265000,206000,206000,2,1,Pacific codBSAI
BSAI,1606,2003,2004,1,Sablefish,BSAI Total,,,,3,1,SablefishBSAI Total
BSAI,1608,2003,2004,1,Sablefish,BS,2950,2440,2440,3,1,SablefishBS
BSAI,1609,2003,2004,1,Sablefish,AI,3170,2620,2620,3,1,SablefishAI
BSAI,1610,2003,2004,1,Yellowfin sole,BSAI,148000,124000,90686,4,1,Yellowfin soleBSAI
BSAI,1611,2003,2004,1,Greenland turbot,BSAI,19200,3930,3500,5,1,Greenland turbotBSAI
BSAI,1614,2003,2004,1,Arrowtooth flounder,BSAI,132000,108000,12000,6,1,Arrowtooth flounderBSAI
BSAI,1615,2003,2004,1,Kamchatka flounder,BSAI,,,,7,1,Kamchatka flounderBSAI
BSAI,1616,2003,2004,1,Northern rock sole,BSAI,157000,132000,41500,8,1,Northern rock soleBSAI
BSAI,1617,2003,2004,1,Flathead sole,BSAI,70200,58500,19500,9,1,Flathead soleBSAI
BSAI,1618,2003,2004,1,Alaska plaice,BSAI,237000,189000,8000,10,1,Alaska plaiceBSAI
BSAI,1619,2003,2004,1,Other flatfish,BSAI,28500,21400,3500,11,1,Other flatfishBSAI
BSAI,1620,2003,2004,1,Pacific ocean perch,BSAI,17300,14600,12600,12,1,Pacific ocean perchBSAI
BSAI,1626,2003,2004,1,Sharpchin/Northern,BSAI,,,,19,1,Sharpchin/NorthernBSAI
BSAI,1629,2003,2004,1,Northern rockfish,BSAI,9810,8260,5000,13,1,Northern rockfishBSAI
BSAI,1632,2003,2004,1,Blackspotted/Rougheye rockfish,BSAI,298,223,223,14,1,Blackspotted/Rougheye rockfishBSAI
BSAI,1635,2003,2004,1,Shortraker rockfish,BSAI,794,596,596,15,1,Shortraker rockfishBSAI
BSAI,1636,2003,2004,1,Shortraker rockfish,BSAI,,,,15,1,Shortraker rockfishBSAI
BSAI,1641,2003,2004,1,Other Red rockfish,BSAI,1870,1400,1050,11,1,Other Red rockfishBSAI
BSAI,1644,2003,2004,1,Atka mackerel,BSAI,147000,124000,63000,17,1,Atka mackerelBSAI
BSAI,1648,2003,2004,1,Skates,BSAI,,,,18,1,SkatesBSAI
BSAI,1649,2003,2004,1,Sculpins,BSAI,,,,15,1,SculpinsBSAI
BSAI,1650,2003,2004,1,Sharks,BSAI,,,,19,1,SharksBSAI
BSAI,1651,2003,2004,1,Squids,BSAI,2620,1970,1275,21,1,SquidsBSAI
BSAI,1652,2003,2004,1,Octopuses,BSAI,,,,20,1,OctopusesBSAI
BSAI,1653,2003,2004,1,Other species,BSAI,87920,53860,29000,16,1,Other speciesBSAI
BSAI,1536,2004,2005,1,Pollock,EBS,2100000,1960000,1478500,1,1,PollockEBS
BSAI,1537,2004,2005,1,Pollock,AI,39100,29400,19000,1,1,PollockAI
BSAI,1538,2004,2005,1,Pollock,Bogoslof,39600,2570,10,1,1,PollockBogoslof
BSAI,1539,2004,2005,1,Pacific cod,BSAI,265000,206000,206000,2,1,Pacific codBSAI
BSAI,1540,2004,2005,1,Sablefish,BS,2950,2440,2440,3,1,SablefishBS
BSAI,1541,2004,2005,1,Sablefish,AI,3170,2620,2620,3,1,SablefishAI
BSAI,1542,2004,2005,1,Atka mackerel,BSAI,147000,124000,63000,17,1,Atka mackerelBSAI
BSAI,1546,2004,2005,1,Yellowfin sole,BSAI,148000,124000,90686,4,1,Yellowfin soleBSAI
BSAI,1547,2004,2005,1,Northern rock sole,BSAI,157000,132000,41500,8,1,Northern rock soleBSAI
BSAI,1548,2004,2005,1,Greenland turbot,BSAI,19200,3930,3500,5,1,Greenland turbotBSAI
BSAI,1551,2004,2005,1,Arrowtooth flounder,BSAI,132000,108000,12000,6,1,Arrowtooth flounderBSAI
BSAI,1552,2004,2005,1,Flathead sole,BSAI,70200,58500,19500,9,1,Flathead soleBSAI
BSAI,1553,2004,2005,1,Other flatfish,BSAI,28500,21400,3500,11,1,Other flatfishBSAI
BSAI,1554,2004,2005,1,Alaska plaice,BSAI,237000,189000,8000,10,1,Alaska plaiceBSAI
BSAI,1555,2004,2005,1,Pacific ocean perch,BSAI,17300,14600,12600,12,1,Pacific ocean perchBSAI
BSAI,1560,2004,2005,1,Northern rockfish,BSAI,9810,8260,5000,13,1,Northern rockfishBSAI
BSAI,1561,2004,2005,1,Shortraker rockfish,BSAI,794,596,596,15,1,Shortraker rockfishBSAI
BSAI,1562,2004,2005,1,Blackspotted/Rougheye rockfish,BSAI,298,223,223,14,1,Blackspotted/Rougheye rockfishBSAI
BSAI,1563,2004,2005,1,Other rockfish,BSAI,1870,1400,1050,16,1,Other rockfishBSAI
BSAI,1566,2004,2005,1,Squids,BSAI,2620,1970,1275,21,1,SquidsBSAI
BSAI,1567,2004,2005,1,Other species,BSAI,87920,53860,29000,16,1,Other speciesBSAI
BSAI,1472,2005,2006,1,Pollock,EBS,2090000,1930000,1485000,1,1,PollockEBS
BSAI,1473,2005,2006,1,Pollock,AI,39100,29400,19000,1,1,PollockAI
BSAI,1474,2005,2006,1,Pollock,Bogoslof,50600,5500,10,1,1,PollockBogoslof
BSAI,1475,2005,2006,1,Pacific cod,BSAI,230000,194000,194000,2,1,Pacific codBSAI
BSAI,1476,2005,2006,1,Sablefish,BS,3680,3060,2820,3,1,SablefishBS
BSAI,1477,2005,2006,1,Sablefish,AI,3740,3100,3000,3,1,SablefishAI
BSAI,1478,2005,2006,1,Atka mackerel,BSAI,130000,110000,63000,17,1,Atka mackerelBSAI
BSAI,1482,2005,2006,1,Yellowfin sole,BSAI,144000,121000,95701,4,1,Yellowfin soleBSAI
BSAI,1483,2005,2006,1,Northern rock sole,BSAI,150000,126000,41500,8,1,Northern rock soleBSAI
BSAI,1484,2005,2006,1,Greenland turbot,BSAI,14200,2740,2740,5,1,Greenland turbotBSAI
BSAI,1487,2005,2006,1,Arrowtooth flounder,BSAI,166000,136000,13000,6,1,Arrowtooth flounderBSAI
BSAI,1488,2005,2006,1,Flathead sole,BSAI,71800,59800,19500,9,1,Flathead soleBSAI
BSAI,1489,2005,2006,1,Other flatfish,BSAI,24200,18100,3500,11,1,Other flatfishBSAI
BSAI,1490,2005,2006,1,Alaska plaice,BSAI,237000,188000,8000,10,1,Alaska plaiceBSAI
BSAI,1491,2005,2006,1,Pacific ocean perch,BSAI,17600,14800,12600,12,1,Pacific ocean perchBSAI
BSAI,1496,2005,2006,1,Northern rockfish,BSAI,10100,8530,4500,13,1,Northern rockfishBSAI
BSAI,1497,2005,2006,1,Shortraker rockfish,BSAI,774,580,580,15,1,Shortraker rockfishBSAI
BSAI,1498,2005,2006,1,Blackspotted/Rougheye rockfish,BSAI,299,224,224,14,1,Blackspotted/Rougheye rockfishBSAI
BSAI,1499,2005,2006,1,Other rockfish,BSAI,1870,1400,1050,16,1,Other rockfishBSAI
BSAI,1502,2005,2006,1,Squids,BSAI,2620,1970,1275,21,1,SquidsBSAI
BSAI,1503,2005,2006,1,Other species,BSAI,89404,58882,29000,16,1,Other speciesBSAI
BSAI,1408,2006,2007,1,Pollock,EBS,1640000,1394000,1394000,1,1,PollockEBS
BSAI,1409,2006,2007,1,Pollock,AI,54500,44500,19000,1,1,PollockAI
BSAI,1410,2006,2007,1,Pollock,Bogoslof,48000,5220,10,1,1,PollockBogoslof
BSAI,1411,2006,2007,1,Pacific cod,BSAI,207000,176000,170720,2,1,Pacific codBSAI
BSAI,1412,2006,2007,1,Sablefish,BS,3520,2980,2980,3,1,SablefishBS
BSAI,1413,2006,2007,1,Sablefish,AI,3320,2810,2810,3,1,SablefishAI
BSAI,1414,2006,2007,1,Atka mackerel,BSAI,86900,74000,63000,17,1,Atka mackerelBSAI
BSAI,1418,2006,2007,1,Yellowfin sole,BSAI,240000,225000,136000,4,1,Yellowfin soleBSAI
BSAI,1419,2006,2007,1,Northern rock sole,BSAI,200000,198000,55000,8,1,Northern rock soleBSAI
BSAI,1420,2006,2007,1,Greenland turbot,BSAI,15600,2440,2440,5,1,Greenland turbotBSAI
BSAI,1423,2006,2007,1,Arrowtooth flounder,BSAI,193000,158000,20000,6,1,Arrowtooth flounderBSAI
BSAI,1424,2006,2007,1,Flathead sole,BSAI,95300,79200,30000,9,1,Flathead soleBSAI
BSAI,1425,2006,2007,1,Other flatfish,BSAI,28500,21400,10000,11,1,Other flatfishBSAI
BSAI,1426,2006,2007,1,Alaska plaice,BSAI,241000,190000,25000,10,1,Alaska plaiceBSAI
BSAI,1427,2006,2007,1,Pacific ocean perch,BSAI,26100,21900,19900,12,1,Pacific ocean perchBSAI
BSAI,1432,2006,2007,1,Northern rockfish,BSAI,9750,8190,8190,13,1,Northern rockfishBSAI
BSAI,1433,2006,2007,1,Shortraker rockfish,BSAI,564,424,424,15,1,Shortraker rockfishBSAI
BSAI,1434,2006,2007,1,Blackspotted/Rougheye rockfish,BSAI,269,202,202,14,1,Blackspotted/Rougheye rockfishBSAI
BSAI,1435,2006,2007,1,Other rockfish,BSAI,1330,999,999,16,1,Other rockfishBSAI
BSAI,1438,2006,2007,1,Squids,BSAI,2620,1970,1970,21,1,SquidsBSAI
BSAI,1439,2006,2007,1,Other species,BSAI,91700,68800,37355,16,1,Other speciesBSAI
BSAI,1344,2007,2008,1,Pollock,EBS,1440000,1000000,1000000,1,1,PollockEBS
BSAI,1345,2007,2008,1,Pollock,AI,34000,28200,19000,1,1,PollockAI
BSAI,1346,2007,2008,1,Pollock,Bogoslof,58400,7970,10,1,1,PollockBogoslof
BSAI,1347,2007,2008,1,Pacific cod,BSAI,207000,176000,170720,2,1,Pacific codBSAI
BSAI,1348,2007,2008,1,Sablefish,BS,3380,2860,2860,3,1,SablefishBS
BSAI,1349,2007,2008,1,Sablefish,AI,2890,2440,2440,3,1,SablefishAI
BSAI,1350,2007,2008,1,Atka mackerel,BSAI,71400,60700,60700,17,1,Atka mackerelBSAI
BSAI,1354,2007,2008,1,Yellowfin sole,BSAI,265000,248000,225000,4,1,Yellowfin soleBSAI
BSAI,1355,2007,2008,1,Northern rock sole,BSAI,304000,301000,75000,8,1,Northern rock soleBSAI
BSAI,1356,2007,2008,1,Greenland turbot,BSAI,15600,2540,2540,5,1,Greenland turbotBSAI
BSAI,1359,2007,2008,1,Arrowtooth flounder,BSAI,297000,244000,75000,6,1,Arrowtooth flounderBSAI
BSAI,1360,2007,2008,1,Flathead sole,BSAI,86000,71700,50000,9,1,Flathead soleBSAI
BSAI,1361,2007,2008,1,Other flatfish,BSAI,28800,21600,21600,11,1,Other flatfishBSAI
BSAI,1362,2007,2008,1,Alaska plaice,BSAI,248000,194000,50000,10,1,Alaska plaiceBSAI
BSAI,1363,2007,2008,1,Pacific ocean perch,BSAI,25700,21700,21700,12,1,Pacific ocean perchBSAI
BSAI,1368,2007,2008,1,Northern rockfish,BSAI,9740,8180,8180,13,1,Northern rockfishBSAI
BSAI,1369,2007,2008,1,Shortraker rockfish,BSAI,564,424,424,15,1,Shortraker rockfishBSAI
BSAI,1370,2007,2008,1,Blackspotted/Rougheye rockfish,BSAI,269,202,202,14,1,Blackspotted/Rougheye rockfishBSAI
BSAI,1371,2007,2008,1,Other rockfish,BSAI,1330,999,999,16,1,Other rockfishBSAI
BSAI,1374,2007,2008,1,Squids,BSAI,2620,1970,1970,21,1,SquidsBSAI
BSAI,1375,2007,2008,1,Other species,BSAI,104000,78100,50000,16,1,Other speciesBSAI
BSAI,1280,2008,2009,1,Pollock,EBS,977000,815000,815000,1,1,PollockEBS
BSAI,1281,2008,2009,1,Pollock,AI,32600,26900,19000,1,1,PollockAI
BSAI,1282,2008,2009,1,Pollock,Bogoslof,58400,7970,50,1,1,PollockBogoslof
BSAI,1283,2008,2009,1,Pacific cod,BSAI,212000,182000,176540,2,1,Pacific codBSAI
BSAI,1284,2008,2009,1,Sablefish,BS,3210,2720,2720,3,1,SablefishBS
BSAI,1285,2008,2009,1,Sablefish,AI,2600,2200,2200,3,1,SablefishAI
BSAI,1286,2008,2009,1,Atka mackerel,BSAI,99400,83800,76400,17,1,Atka mackerelBSAI
BSAI,1290,2008,2009,1,Yellowfin sole,BSAI,224000,210000,210000,4,1,Yellowfin soleBSAI
BSAI,1291,2008,2009,1,Northern rock sole,BSAI,301000,296000,90000,8,1,Northern rock soleBSAI
BSAI,1292,2008,2009,1,Greenland turbot,BSAI,14800,7380,7380,5,1,Greenland turbotBSAI
BSAI,1295,2008,2009,1,Arrowtooth flounder,BSAI,190000,156000,75000,6,1,Arrowtooth flounderBSAI
BSAI,1296,2008,2009,1,Flathead sole,BSAI,83800,71400,60000,9,1,Flathead soleBSAI
BSAI,1297,2008,2009,1,Other flatfish,BSAI,23100,17400,17400,11,1,Other flatfishBSAI
BSAI,1298,2008,2009,1,Alaska plaice,BSAI,298000,232000,50000,10,1,Alaska plaiceBSAI
BSAI,1299,2008,2009,1,Pacific ocean perch,BSAI,22300,18800,18800,12,1,Pacific ocean perchBSAI
BSAI,1304,2008,2009,1,Northern rockfish,BSAI,8540,7160,7160,13,1,Northern rockfishBSAI
BSAI,1305,2008,2009,1,Shortraker rockfish,BSAI,516,387,387,15,1,Shortraker rockfishBSAI
BSAI,1306,2008,2009,1,Blackspotted/Rougheye rockfish,BSAI,660,539,539,14,1,Blackspotted/Rougheye rockfishBSAI
BSAI,1307,2008,2009,1,Other rockfish,BSAI,1380,1040,1040,16,1,Other rockfishBSAI
BSAI,1310,2008,2009,1,Squids,BSAI,2620,1970,1970,21,1,SquidsBSAI
BSAI,1311,2008,2009,1,Other species,BSAI,80800,63700,50000,16,1,Other speciesBSAI
BSAI,1216,2009,2010,1,Pollock,EBS,918000,813000,813000,1,1,PollockEBS
BSAI,1217,2009,2010,1,Pollock,AI,40000,33100,19000,1,1,PollockAI
BSAI,1218,2009,2010,1,Pollock,Bogoslof,22000,156,50,1,1,PollockBogoslof
BSAI,1219,2009,2010,1,Pacific cod,BSAI,205000,174000,168780,2,1,Pacific codBSAI
BSAI,1220,2009,2010,1,Sablefish,BS,3310,2790,2790,3,1,SablefishBS
BSAI,1221,2009,2010,1,Sablefish,AI,2450,2070,2070,3,1,SablefishAI
BSAI,1222,2009,2010,1,Atka mackerel,BSAI,88200,74000,74000,17,1,Atka mackerelBSAI
BSAI,1226,2009,2010,1,Yellowfin sole,BSAI,234000,219000,219000,4,1,Yellowfin soleBSAI
BSAI,1227,2009,2010,1,Northern rock sole,BSAI,243000,240000,90000,8,1,Northern rock soleBSAI
BSAI,1228,2009,2010,1,Greenland turbot,BSAI,7460,6120,6120,5,1,Greenland turbotBSAI
BSAI,1231,2009,2010,1,Arrowtooth flounder,BSAI,191000,156000,75000,6,1,Arrowtooth flounderBSAI
BSAI,1232,2009,2010,1,Flathead sole,BSAI,83100,69200,60000,9,1,Flathead soleBSAI
BSAI,1233,2009,2010,1,Other flatfish,BSAI,23000,17300,17300,11,1,Other flatfishBSAI
BSAI,1234,2009,2010,1,Alaska plaice,BSAI,278000,224000,50000,10,1,Alaska plaiceBSAI
BSAI,1235,2009,2010,1,Pacific ocean perch,BSAI,22400,18860,18860,12,1,Pacific ocean perchBSAI
BSAI,1240,2009,2010,1,Northern rockfish,BSAI,8640,7240,7240,13,1,Northern rockfishBSAI
BSAI,1241,2009,2010,1,Shortraker rockfish,BSAI,516,387,387,15,1,Shortraker rockfishBSAI
BSAI,1242,2009,2010,1,Blackspotted/Rougheye rockfish,BSAI,669,547,547,14,1,Blackspotted/Rougheye rockfishBSAI
BSAI,1243,2009,2010,1,Other rockfish,BSAI,1380,1040,1040,16,1,Other rockfishBSAI
BSAI,1246,2009,2010,1,Squids,BSAI,2620,1970,1970,21,1,SquidsBSAI
BSAI,1247,2009,2010,1,Other species,BSAI,88200,61100,50000,16,1,Other speciesBSAI
BSAI,1140,2010,2011,1,Pollock,EBS,2450000,1270000,1252000,1,1,PollockEBS
BSAI,1141,2010,2011,1,Pollock,AI,44500,36700,19000,1,1,PollockAI
BSAI,1142,2010,2011,1,Pollock,Bogoslof,22000,156,150,1,1,PollockBogoslof
BSAI,1143,2010,2011,1,Pacific cod,BSAI,272000,235000,227950,2,1,Pacific codBSAI
BSAI,1144,2010,2011,1,Sablefish,BS,3360,2850,2850,3,1,SablefishBS
BSAI,1145,2010,2011,1,Sablefish,AI,2250,1900,1900,3,1,SablefishAI
BSAI,1146,2010,2011,1,Atka mackerel,BSAI,101000,85300,53080,17,1,Atka mackerelBSAI
BSAI,1150,2010,2011,1,Yellowfin sole,BSAI,262000,239000,196000,4,1,Yellowfin soleBSAI
BSAI,1151,2010,2011,1,Northern rock sole,BSAI,248000,224000,85000,8,1,Northern rock soleBSAI
BSAI,1152,2010,2011,1,Greenland turbot,BSAI,7220,6140,5050,5,1,Greenland turbotBSAI
BSAI,1155,2010,2011,1,Arrowtooth flounder,BSAI,186000,153000,25900,6,1,Arrowtooth flounderBSAI
BSAI,1156,2010,2011,1,Kamchatka flounder,BSAI,23600,17700,17700,7,1,Kamchatka flounderBSAI
BSAI,1157,2010,2011,1,Flathead sole,BSAI,83300,69300,41548,9,1,Flathead soleBSAI
BSAI,1158,2010,2011,1,Other flatfish,BSAI,19500,14500,3000,11,1,Other flatfishBSAI
BSAI,1159,2010,2011,1,Alaska plaice,BSAI,79100,65100,16000,10,1,Alaska plaiceBSAI
BSAI,1160,2010,2011,1,Pacific ocean perch,BSAI,36300,24700,24700,12,1,Pacific ocean perchBSAI
BSAI,1165,2010,2011,1,Northern rockfish,BSAI,10600,8670,4000,13,1,Northern rockfishBSAI
BSAI,1166,2010,2011,1,Blackspotted/Rougheye rockfish,BSAI,524,393,393,14,1,Blackspotted/Rougheye rockfishBSAI
BSAI,1169,2010,2011,1,Shortraker rockfish,BSAI,,220,220,15,1,Shortraker rockfishBSAI
BSAI,1170,2010,2011,1,Other rockfish,BSAI,1700,1280,1000,16,1,Other rockfishBSAI
BSAI,1173,2010,2011,1,Squids,BSAI,2620,1970,425,21,1,SquidsBSAI
BSAI,1174,2010,2011,1,Skates,BSAI,37800,31500,16500,18,1,SkatesBSAI
BSAI,1175,2010,2011,1,Sharks,BSAI,1360,1020,50,19,1,SharksBSAI
BSAI,1176,2010,2011,1,Octopuses,BSAI,528,396,150,20,1,OctopusesBSAI
BSAI,1177,2010,2011,1,Sculpins,BSAI,58300,43700,5200,15,1,SculpinsBSAI
BSAI,1064,2011,2012,1,Pollock,EBS,2474000,1220000,1200000,1,1,PollockEBS
BSAI,1065,2011,2012,1,Pollock,AI,39600,32500,19000,1,1,PollockAI
BSAI,1066,2011,2012,1,Pollock,Bogoslof,22000,16500,500,1,1,PollockBogoslof
BSAI,1067,2011,2012,1,Pacific cod,BSAI,369000,314000,261000,2,1,Pacific codBSAI
BSAI,1068,2011,2012,1,Sablefish,BS,2640,2230,2230,3,1,SablefishBS
BSAI,1069,2011,2012,1,Sablefish,AI,2430,2050,2050,3,1,SablefishAI
BSAI,1070,2011,2012,1,Atka mackerel,BSAI,96500,81400,50763,17,1,Atka mackerelBSAI
BSAI,1074,2011,2012,1,Yellowfin sole,BSAI,222000,203000,202000,4,1,Yellowfin soleBSAI
BSAI,1075,2011,2012,1,Northern rock sole,BSAI,231000,208000,87000,8,1,Northern rock soleBSAI
BSAI,1076,2011,2012,1,Greenland turbot,BSAI,11700,9660,8660,5,1,Greenland turbotBSAI
BSAI,1079,2011,2012,1,Arrowtooth flounder,BSAI,181000,150000,25000,6,1,Arrowtooth flounderBSAI
BSAI,1080,2011,2012,1,Kamchatka flounder,BSAI,24800,18600,17700,7,1,Kamchatka flounderBSAI
BSAI,1081,2011,2012,1,Flathead sole,BSAI,84500,70400,34134,9,1,Flathead soleBSAI
BSAI,1082,2011,2012,1,Other flatfish,BSAI,17100,12700,3200,11,1,Other flatfishBSAI
BSAI,1083,2011,2012,1,Alaska plaice,BSAI,64600,53400,24000,10,1,Alaska plaiceBSAI
BSAI,1084,2011,2012,1,Pacific ocean perch,BSAI,35000,24700,24700,12,1,Pacific ocean perchBSAI
BSAI,1089,2011,2012,1,Northern rockfish,BSAI,10500,8610,4700,13,1,Northern rockfishBSAI
BSAI,1090,2011,2012,1,Blackspotted/Rougheye rockfish,BSAI,524,393,393,14,1,Blackspotted/Rougheye rockfishBSAI
BSAI,1093,2011,2012,1,Shortraker rockfish,BSAI,,244,244,15,1,Shortraker rockfishBSAI
BSAI,1094,2011,2012,1,Other rockfish,BSAI,1700,1280,1070,16,1,Other rockfishBSAI
BSAI,1097,2011,2012,1,Skates,BSAI,2620,1970,425,18,1,SkatesBSAI
BSAI,1098,2011,2012,1,Sculpins,BSAI,39100,32600,24700,15,1,SculpinsBSAI
BSAI,1099,2011,2012,1,Sharks,BSAI,1360,1020,200,19,1,SharksBSAI
BSAI,1100,2011,2012,1,Squids,BSAI,3450,2590,900,21,1,SquidsBSAI
BSAI,1101,2011,2012,1,Octopuses,BSAI,58300,43700,5200,20,1,OctopusesBSAI
BSAI,988,2012,2013,1,Pollock,EBS,2550000,1375000,1247000,1,1,PollockEBS
BSAI,989,2012,2013,1,Pollock,AI,45600,37300,19000,1,1,PollockAI
BSAI,990,2012,2013,1,Pollock,Bogoslof,13400,10100,100,1,1,PollockBogoslof
BSAI,991,2012,2013,1,Pacific cod,BSAI,359000,307000,260000,2,1,Pacific codBSAI
BSAI,992,2012,2013,1,Sablefish,BS,1870,1580,1580,3,1,SablefishBS
BSAI,993,2012,2013,1,Sablefish,AI,2530,2140,2140,3,1,SablefishAI
BSAI,994,2012,2013,1,Atka mackerel,BSAI,57700,50000,25920,17,1,Atka mackerelBSAI
BSAI,998,2012,2013,1,Yellowfin sole,BSAI,220000,206000,198000,4,1,Yellowfin soleBSAI
BSAI,999,2012,2013,1,Northern rock sole,BSAI,241000,214000,92380,8,1,Northern rock soleBSAI
BSAI,1000,2012,2013,1,Greenland turbot,BSAI,2540,2060,2060,5,1,Greenland turbotBSAI
BSAI,1003,2012,2013,1,Arrowtooth flounder,BSAI,186000,152000,25000,6,1,Arrowtooth flounderBSAI
BSAI,1004,2012,2013,1,Kamchatka flounder,BSAI,16300,12200,10000,7,1,Kamchatka flounderBSAI
BSAI,1005,2012,2013,1,Flathead sole,BSAI,81500,67900,22699,9,1,Flathead soleBSAI
BSAI,1006,2012,2013,1,Other flatfish,BSAI,17800,13300,3500,11,1,Other flatfishBSAI
BSAI,1007,2012,2013,1,Alaska plaice,BSAI,67000,55200,20000,10,1,Alaska plaiceBSAI
BSAI,1008,2012,2013,1,Pacific ocean perch,BSAI,41900,35100,35100,12,1,Pacific ocean perchBSAI
BSAI,1013,2012,2013,1,Northern rockfish,BSAI,12200,9850,3000,13,1,Northern rockfishBSAI
BSAI,1014,2012,2013,1,Blackspotted/Rougheye rockfish,BSAI,493,370,370,14,1,Blackspotted/Rougheye rockfishBSAI
BSAI,1017,2012,2013,1,Shortraker rockfish,BSAI,,209,209,15,1,Shortraker rockfishBSAI
BSAI,1018,2012,2013,1,Other rockfish,BSAI,1540,1159,873,16,1,Other rockfishBSAI
BSAI,1021,2012,2013,1,Skates,BSAI,45800,38800,24000,18,1,SkatesBSAI
BSAI,1022,2012,2013,1,Sculpins,BSAI,56400,42300,5600,15,1,SculpinsBSAI
BSAI,1023,2012,2013,1,Sharks,BSAI,1360,1020,100,19,1,SharksBSAI
BSAI,1024,2012,2013,1,Squids,BSAI,2620,1970,700,21,1,SquidsBSAI
BSAI,1025,2012,2013,1,Octopuses,BSAI,3450,2590,500,20,1,OctopusesBSAI
BSAI,908,2013,2014,1,Pollock,EBS,2795000,1369000,1267000,1,1,PollockEBS
BSAI,909,2013,2014,1,Pollock,AI,42811,35048,19000,1,1,PollockAI
BSAI,910,2013,2014,1,Pollock,Bogoslof,13413,10059,75,1,1,PollockBogoslof
BSAI,913,2013,2014,1,Pacific cod,BSAI,319100,270100,253894,2,1,Pacific codBSAI
BSAI,914,2013,2014,1,Sablefish,BS,1584,1339,1339,3,1,SablefishBS
BSAI,915,2013,2014,1,Sablefish,AI,2141,1811,1811,3,1,SablefishAI
BSAI,916,2013,2014,1,Yellowfin sole,BSAI,259700,239800,184000,4,1,Yellowfin soleBSAI
BSAI,917,2013,2014,1,Greenland turbot,BSAI,2647,2124,2124,5,1,Greenland turbotBSAI
BSAI,920,2013,2014,1,Arrowtooth flounder,BSAI,125642,106599,25000,6,1,Arrowtooth flounderBSAI
BSAI,921,2013,2014,1,Kamchatka flounder,BSAI,8270,7100,7100,7,1,Kamchatka flounderBSAI
BSAI,922,2013,2014,1,Northern rock sole,BSAI,228700,203800,85000,8,1,Northern rock soleBSAI
BSAI,923,2013,2014,1,Flathead sole,BSAI,79633,66293,24500,9,1,Flathead soleBSAI
BSAI,924,2013,2014,1,Alaska plaice,BSAI,66800,55100,24500,10,1,Alaska plaiceBSAI
BSAI,925,2013,2014,1,Other flatfish,BSAI,16700,12400,2650,11,1,Other flatfishBSAI
BSAI,926,2013,2014,1,Pacific ocean perch,BSAI,39585,33122,33122,12,1,Pacific ocean perchBSAI
BSAI,931,2013,2014,1,Northern rockfish,BSAI,12077,9761,2594,13,1,Northern rockfishBSAI
BSAI,932,2013,2014,1,Blackspotted/Rougheye rockfish,BSAI,505,416,416,14,1,Blackspotted/Rougheye rockfishBSAI
BSAI,935,2013,2014,1,Shortraker rockfish,BSAI,493,370,370,15,1,Shortraker rockfishBSAI
BSAI,936,2013,2014,1,Other rockfish,BSAI,1550,1163,773,16,1,Other rockfishBSAI
BSAI,939,2013,2014,1,Atka mackerel,BSAI,74492,64131,32322,17,1,Atka mackerelBSAI
BSAI,943,2013,2014,1,Skates,BSAI,41849,35383,26000,18,1,SkatesBSAI
BSAI,944,2013,2014,1,Sculpins,BSAI,56424,42318,5750,15,1,SculpinsBSAI
BSAI,945,2013,2014,1,Sharks,BSAI,1363,1022,125,19,1,SharksBSAI
BSAI,946,2013,2014,1,Squids,BSAI,2624,1970,310,21,1,SquidsBSAI
BSAI,947,2013,2014,1,Octopuses,BSAI,3450,2590,225,20,1,OctopusesBSAI
BSAI,828,2014,2015,1,Pollock,EBS,3330000,1637000,1310000,1,1,PollockEBS
BSAI,829,2014,2015,1,Pollock,AI,36005,29659,19000,1,1,PollockAI
BSAI,830,2014,2015,1,Pollock,Bogoslof,21200,15900,100,1,1,PollockBogoslof
BSAI,833,2014,2015,1,Pacific cod,BSAI,369400,272600,249422,2,1,Pacific codBSAI
BSAI,834,2014,2015,1,Sablefish,BS,1575,1333,1333,3,1,SablefishBS
BSAI,835,2014,2015,1,Sablefish,AI,2128,1802,1802,3,1,SablefishAI
BSAI,836,2014,2015,1,Yellowfin sole,BSAI,266400,248800,149000,4,1,Yellowfin soleBSAI
BSAI,837,2014,2015,1,Greenland turbot,BSAI,3903,3172,2648,5,1,Greenland turbotBSAI
BSAI,840,2014,2015,1,Arrowtooth flounder,BSAI,93856,80547,22000,6,1,Arrowtooth flounderBSAI
BSAI,841,2014,2015,1,Kamchatka flounder,BSAI,10500,9000,6500,7,1,Kamchatka flounderBSAI
BSAI,842,2014,2015,1,Northern rock sole,BSAI,187600,181700,69250,8,1,Northern rock soleBSAI
BSAI,843,2014,2015,1,Flathead sole,BSAI,79419,66130,24250,9,1,Flathead soleBSAI
BSAI,844,2014,2015,1,Alaska plaice,BSAI,54000,44900,18500,10,1,Alaska plaiceBSAI
BSAI,845,2014,2015,1,Other flatfish,BSAI,17700,13250,3620,11,1,Other flatfishBSAI
BSAI,846,2014,2015,1,Pacific ocean perch,BSAI,42558,34988,32021,12,1,Pacific ocean perchBSAI
BSAI,851,2014,2015,1,Northern rockfish,BSAI,15337,12488,3250,13,1,Northern rockfishBSAI
BSAI,852,2014,2015,1,Blackspotted/Rougheye rockfish,BSAI,560,453,349,14,1,Blackspotted/Rougheye rockfishBSAI
BSAI,855,2014,2015,1,Shortraker rockfish,BSAI,690,518,250,15,1,Shortraker rockfishBSAI
BSAI,856,2014,2015,1,Other rockfish,BSAI,1667,1250,880,16,1,Other rockfishBSAI
BSAI,859,2014,2015,1,Atka mackerel,BSAI,125297,106000,54500,17,1,Atka mackerelBSAI
BSAI,863,2014,2015,1,Skates,BSAI,49575,41658,25700,18,1,SkatesBSAI
BSAI,864,2014,2015,1,Sculpins,BSAI,52365,39725,4700,15,1,SculpinsBSAI
BSAI,865,2014,2015,1,Sharks,BSAI,1363,1022,125,19,1,SharksBSAI
BSAI,866,2014,2015,1,Squids,BSAI,2624,1970,400,21,1,SquidsBSAI
BSAI,867,2014,2015,1,Octopuses,BSAI,3452,2589,400,20,1,OctopusesBSAI
BSAI,748,2015,2016,1,Pollock,EBS,3910000,2090000,1340000,1,1,PollockEBS
BSAI,749,2015,2016,1,Pollock,AI,39075,32227,19000,1,1,PollockAI
BSAI,750,2015,2016,1,Pollock,Bogoslof,31906,23850,500,1,1,PollockBogoslof
BSAI,753,2015,2016,1,Pacific cod,BSAI,413400,272600,251519,2,1,Pacific codBSAI
BSAI,754,2015,2016,1,Sablefish,BS,1304,1151,1151,3,1,SablefishBS
BSAI,755,2015,2016,1,Sablefish,AI,1766,1557,1557,3,1,SablefishAI
BSAI,756,2015,2016,1,Yellowfin sole,BSAI,228100,211700,144000,4,1,Yellowfin soleBSAI
BSAI,757,2015,2016,1,Greenland turbot,BSAI,4194,3462,2873,5,1,Greenland turbotBSAI
BSAI,760,2015,2016,1,Arrowtooth flounder,BSAI,94035,80701,14000,6,1,Arrowtooth flounderBSAI
BSAI,761,2015,2016,1,Kamchatka flounder,BSAI,11100,9500,5000,7,1,Kamchatka flounderBSAI
BSAI,762,2015,2016,1,Northern rock sole,BSAI,165900,161000,57100,8,1,Northern rock soleBSAI
BSAI,763,2015,2016,1,Flathead sole,BSAI,79562,66250,21000,9,1,Flathead soleBSAI
BSAI,764,2015,2016,1,Alaska plaice,BSAI,49000,41000,14500,10,1,Alaska plaiceBSAI
BSAI,765,2015,2016,1,Other flatfish,BSAI,17414,13061,2500,11,1,Other flatfishBSAI
BSAI,766,2015,2016,1,Pacific ocean perch,BSAI,40529,33320,31900,12,1,Pacific ocean perchBSAI
BSAI,771,2015,2016,1,Northern rockfish,BSAI,14689,11960,4500,13,1,Northern rockfishBSAI
BSAI,772,2015,2016,1,Blackspotted/Rougheye rockfish,BSAI,693,561,300,14,1,Blackspotted/Rougheye rockfishBSAI
BSAI,775,2015,2016,1,Shortraker rockfish,BSAI,690,518,200,15,1,Shortraker rockfishBSAI
BSAI,776,2015,2016,1,Other rockfish,BSAI,1667,1250,875,16,1,Other rockfishBSAI
BSAI,779,2015,2016,1,Atka mackerel,BSAI,104749,90340,55000,17,1,Atka mackerelBSAI
BSAI,783,2015,2016,1,Skates,BSAI,50215,42134,26000,18,1,SkatesBSAI
BSAI,784,2015,2016,1,Sculpins,BSAI,52365,39725,4500,15,1,SculpinsBSAI
BSAI,785,2015,2016,1,Sharks,BSAI,1363,1022,125,19,1,SharksBSAI
BSAI,786,2015,2016,1,Squids,BSAI,6912,5184,1500,21,1,SquidsBSAI
BSAI,787,2015,2016,1,Octopuses,BSAI,3452,2589,400,20,1,OctopusesBSAI
BSAI,668,2016,2017,1,Pollock,EBS,3640000,2800000,1345000,1,1,PollockEBS
BSAI,669,2016,2017,1,Pollock,AI,43650,36061,19000,1,1,PollockAI
BSAI,670,2016,2017,1,Pollock,Bogoslof,130428,60800,500,1,1,PollockBogoslof
BSAI,673,2016,2017,1,Pacific cod,BSAI,312700,260500,239399,2,1,Pacific codBSAI
BSAI,674,2016,2017,1,Sablefish,BS,1499,1274,1274,3,1,SablefishBS
BSAI,675,2016,2017,1,Sablefish,AI,2044,1735,1735,3,1,SablefishAI
BSAI,676,2016,2017,1,Yellowfin sole,BSAI,287000,260800,154000,4,1,Yellowfin soleBSAI
BSAI,677,2016,2017,1,Greenland turbot,BSAI,11615,6644,4500,5,1,Greenland turbotBSAI
BSAI,680,2016,2017,1,Arrowtooth flounder,BSAI,76100,65371,14000,6,1,Arrowtooth flounderBSAI
BSAI,681,2016,2017,1,Kamchatka flounder,BSAI,10360,8880,5000,7,1,Kamchatka flounderBSAI
BSAI,682,2016,2017,1,Northern rock sole,BSAI,159700,155100,47100,8,1,Northern rock soleBSAI
BSAI,683,2016,2017,1,Flathead sole,BSAI,81654,68278,14500,9,1,Flathead soleBSAI
BSAI,684,2016,2017,1,Alaska plaice,BSAI,42800,36000,13000,10,1,Alaska plaiceBSAI
BSAI,685,2016,2017,1,Other flatfish,BSAI,17591,13193,2500,11,1,Other flatfishBSAI
BSAI,686,2016,2017,1,Pacific ocean perch,BSAI,53152,43723,34900,12,1,Pacific ocean perchBSAI
BSAI,691,2016,2017,1,Northern rockfish,BSAI,16242,13264,5000,13,1,Northern rockfishBSAI
BSAI,692,2016,2017,1,Blackspotted/Rougheye rockfish,BSAI,612,501,225,14,1,Blackspotted/Rougheye rockfishBSAI
BSAI,695,2016,2017,1,Shortraker rockfish,BSAI,666,499,125,15,1,Shortraker rockfishBSAI
BSAI,696,2016,2017,1,Other rockfish,BSAI,1816,1362,875,16,1,Other rockfishBSAI
BSAI,699,2016,2017,1,Atka mackerel,BSAI,102700,87200,65000,17,1,Atka mackerelBSAI
BSAI,703,2016,2017,1,Skates,BSAI,49063,41144,26000,18,1,SkatesBSAI
BSAI,704,2016,2017,1,Sculpins,BSAI,56582,42387,4500,15,1,SculpinsBSAI
BSAI,705,2016,2017,1,Sharks,BSAI,689,517,125,19,1,SharksBSAI
BSAI,706,2016,2017,1,Squids,BSAI,6912,5184,1342,21,1,SquidsBSAI
BSAI,707,2016,2017,1,Octopuses,BSAI,4769,3576,400,20,1,OctopusesBSAI
BSAI,588,2017,2018,1,Pollock,EBS,4797000,2592000,1364341,1,1,PollockEBS
BSAI,589,2017,2018,1,Pollock,AI,49289,40788,19000,1,1,PollockAI
BSAI,590,2017,2018,1,Pollock,Bogoslof,130428,60800,450,1,1,PollockBogoslof
BSAI,593,2017,2018,1,Pacific cod,BSAI,266700,222500,203831,2,1,Pacific codBSAI
BSAI,594,2017,2018,1,Sablefish,BS,2887,1464,1464,3,1,SablefishBS
BSAI,595,2017,2018,1,Sablefish,AI,3917,1988,1988,3,1,SablefishAI
BSAI,596,2017,2018,1,Yellowfin sole,BSAI,306700,277500,154000,4,1,Yellowfin soleBSAI
BSAI,597,2017,2018,1,Greenland turbot,BSAI,13148,11132,5294,5,1,Greenland turbotBSAI
BSAI,600,2017,2018,1,Arrowtooth flounder,BSAI,76757,65932,13621,6,1,Arrowtooth flounderBSAI
BSAI,601,2017,2018,1,Kamchatka flounder,BSAI,11347,9737,5000,7,1,Kamchatka flounderBSAI
BSAI,602,2017,2018,1,Northern rock sole,BSAI,147300,143100,47100,8,1,Northern rock soleBSAI
BSAI,603,2017,2018,1,Flathead sole,BSAI,79862,66773,14500,9,1,Flathead soleBSAI
BSAI,604,2017,2018,1,Alaska plaice,BSAI,41170,34590,16100,10,1,Alaska plaiceBSAI
BSAI,605,2017,2018,1,Other flatfish,BSAI,17591,13193,4000,11,1,Other flatfishBSAI
BSAI,606,2017,2018,1,Pacific ocean perch,BSAI,51675,42509,37361,12,1,Pacific ocean perchBSAI
BSAI,611,2017,2018,1,Northern rockfish,BSAI,15888,12975,6100,13,1,Northern rockfishBSAI
BSAI,612,2017,2018,1,Blackspotted/Rougheye rockfish,BSAI,749,613,225,14,1,Blackspotted/Rougheye rockfishBSAI
BSAI,615,2017,2018,1,Shortraker rockfish,BSAI,666,499,150,15,1,Shortraker rockfishBSAI
BSAI,616,2017,2018,1,Other rockfish,BSAI,1816,1362,845,16,1,Other rockfishBSAI
BSAI,619,2017,2018,1,Atka mackerel,BSAI,108600,92000,71000,17,1,Atka mackerelBSAI
BSAI,623,2017,2018,1,Skates,BSAI,46668,39082,27000,18,1,SkatesBSAI
BSAI,624,2017,2018,1,Sculpins,BSAI,53201,39995,5000,15,1,SculpinsBSAI
BSAI,625,2017,2018,1,Sharks,BSAI,689,517,180,19,1,SharksBSAI
BSAI,626,2017,2018,1,Squids,BSAI,6912,5184,1200,21,1,SquidsBSAI
BSAI,627,2017,2018,1,Octopuses,BSAI,4769,3576,250,20,1,OctopusesBSAI
BSAI,510,2018,2019,1,Pollock,EBS,3914000,2163000,1397000,1,1,PollockEBS
BSAI,511,2018,2019,1,Pollock,AI,64240,52887,19000,1,1,PollockAI
BSAI,512,2018,2019,1,Pollock,Bogoslof,183080,137310,75,1,1,PollockBogoslof
BSAI,515,2018,2019,1,Pacific cod,BSAI,243400,201600,180689,2,1,Pacific codBSAI
BSAI,516,2018,2019,1,Sablefish,BS,3221,1489,1489,3,1,SablefishBS
BSAI,517,2018,2019,1,Sablefish,AI,4350,2008,2008,3,1,SablefishAI
BSAI,518,2018,2019,1,Yellowfin sole,BSAI,290000,263200,154000,4,1,Yellowfin soleBSAI
BSAI,519,2018,2019,1,Greenland turbot,BSAI,11362,9658,5294,5,1,Greenland turbotBSAI
BSAI,522,2018,2019,1,Arrowtooth flounder,BSAI,82939,70673,8000,6,1,Arrowtooth flounderBSAI
BSAI,523,2018,2019,1,Kamchatka flounder,BSAI,10965,9260,5000,7,1,Kamchatka flounderBSAI
BSAI,524,2018,2019,1,Northern rock sole,BSAI,122000,118900,47100,8,1,Northern rock soleBSAI
BSAI,525,2018,2019,1,Flathead sole,BSAI,80918,66625,14500,9,1,Flathead soleBSAI
BSAI,526,2018,2019,1,Alaska plaice,BSAI,39880,33600,18000,10,1,Alaska plaiceBSAI
BSAI,527,2018,2019,1,Other flatfish,BSAI,21824,16368,6500,11,1,Other flatfishBSAI
BSAI,528,2018,2019,1,Pacific ocean perch,BSAI,61067,50594,44069,12,1,Pacific ocean perchBSAI
BSAI,533,2018,2019,1,Northern rockfish,BSAI,15507,12664,6500,13,1,Northern rockfishBSAI
BSAI,534,2018,2019,1,Blackspotted/Rougheye rockfish,BSAI,676,555,279,14,1,Blackspotted/Rougheye rockfishBSAI
BSAI,537,2018,2019,1,Shortraker rockfish,BSAI,722,541,358,15,1,Shortraker rockfishBSAI
BSAI,538,2018,2019,1,Other rockfish,BSAI,1793,1344,663,16,1,Other rockfishBSAI
BSAI,541,2018,2019,1,Atka mackerel,BSAI,79200,68500,57951,17,1,Atka mackerelBSAI
BSAI,545,2018,2019,1,Skates,BSAI,51152,42714,26000,18,1,SkatesBSAI
BSAI,546,2018,2019,1,Sculpins,BSAI,53201,39995,5000,15,1,SculpinsBSAI
BSAI,547,2018,2019,1,Sharks,BSAI,689,517,125,19,1,SharksBSAI
BSAI,548,2018,2019,1,Octopuses,BSAI,4769,3576,400,20,1,OctopusesBSAI
BSAI,430,2019,2020,1,Pollock,EBS,4085000,2043000,1425000,1,1,PollockEBS
BSAI,431,2019,2020,1,Pollock,AI,66973,55120,19000,1,1,PollockAI
BSAI,432,2019,2020,1,Pollock,Bogoslof,183080,137310,75,1,1,PollockBogoslof
BSAI,435,2019,2020,1,Pacific cod,BSAI,218786,176473,155595,2,1,Pacific codBSAI
BSAI,437,2019,2020,1,Sablefish,BS,,2174,1861,3,1,SablefishBS
BSAI,438,2019,2020,1,Sablefish,AI,,2952,2039,3,1,SablefishAI
BSAI,439,2019,2020,1,Yellowfin sole,BSAI,287307,260918,150700,4,1,Yellowfin soleBSAI
BSAI,440,2019,2020,1,Greenland turbot,BSAI,11319,9625,5300,5,1,Greenland turbotBSAI
BSAI,443,2019,2020,1,Arrowtooth flounder,BSAI,84057,71618,10000,6,1,Arrowtooth flounderBSAI
BSAI,444,2019,2020,1,Kamchatka flounder,BSAI,11495,9708,6800,7,1,Kamchatka flounderBSAI
BSAI,445,2019,2020,1,Northern rock sole,BSAI,157300,153300,47100,8,1,Northern rock soleBSAI
BSAI,446,2019,2020,1,Flathead sole,BSAI,82810,68134,19500,9,1,Flathead soleBSAI
BSAI,447,2019,2020,1,Alaska plaice,BSAI,37600,31600,17000,10,1,Alaska plaiceBSAI
BSAI,448,2019,2020,1,Other flatfish,BSAI,21824,16368,4000,11,1,Other flatfishBSAI
BSAI,449,2019,2020,1,Pacific ocean perch,BSAI,58956,48846,42875,12,1,Pacific ocean perchBSAI
BSAI,454,2019,2020,1,Northern rockfish,BSAI,19751,16243,10000,13,1,Northern rockfishBSAI
BSAI,455,2019,2020,1,Blackspotted/Rougheye rockfish,BSAI,861,708,349,14,1,Blackspotted/Rougheye rockfishBSAI
BSAI,458,2019,2020,1,Shortraker rockfish,BSAI,722,541,375,15,1,Shortraker rockfishBSAI
BSAI,459,2019,2020,1,Other rockfish,BSAI,1793,1344,1088,16,1,Other rockfishBSAI
BSAI,462,2019,2020,1,Atka mackerel,BSAI,81200,70100,59305,17,1,Atka mackerelBSAI
BSAI,466,2019,2020,1,Skates,BSAI,49792,41543,16313,18,1,SkatesBSAI
BSAI,467,2019,2020,1,Sculpins,BSAI,67817,50863,5300,15,1,SculpinsBSAI
BSAI,468,2019,2020,1,Sharks,BSAI,689,517,150,19,1,SharksBSAI
BSAI,469,2019,2020,1,Octopuses,BSAI,4769,3576,275,20,1,OctopusesBSAI
BSAI,352,2020,2021,1,Pollock,EBS,2594000,1626000,1375000,1,1,PollockEBS
BSAI,353,2020,2021,1,Pollock,AI,61856,51241,19000,1,1,PollockAI
BSAI,354,2020,2021,1,Pollock,Bogoslof,113479,85109,250,1,1,PollockBogoslof
BSAI,357,2020,2021,1,Pacific cod,BSAI,175349,144405,125176,2,1,Pacific codBSAI
BSAI,359,2020,2021,1,Sablefish,BS,,3396,3396,3,1,SablefishBS
BSAI,360,2020,2021,1,Sablefish,AI,,4717,4717,3,1,SablefishAI
BSAI,361,2020,2021,1,Yellowfin sole,BSAI,341571,313477,200000,4,1,Yellowfin soleBSAI
BSAI,362,2020,2021,1,Greenland turbot,BSAI,8568,7326,6025,5,1,Greenland turbotBSAI
BSAI,365,2020,2021,1,Arrowtooth flounder,BSAI,90873,77349,15000,6,1,Arrowtooth flounderBSAI
BSAI,366,2020,2021,1,Kamchatka flounder,BSAI,10630,8982,8982,7,1,Kamchatka flounderBSAI
BSAI,367,2020,2021,1,Northern rock sole,BSAI,145180,140306,54500,8,1,Northern rock soleBSAI
BSAI,368,2020,2021,1,Flathead sole,BSAI,75863,62567,25000,9,1,Flathead soleBSAI
BSAI,369,2020,2021,1,Alaska plaice,BSAI,37924,31657,24500,10,1,Alaska plaiceBSAI
BSAI,370,2020,2021,1,Other flatfish,BSAI,22919,17189,6500,11,1,Other flatfishBSAI
BSAI,371,2020,2021,1,Pacific ocean perch,BSAI,44376,37173,35899,12,1,Pacific ocean perchBSAI
BSAI,376,2020,2021,1,Northern rockfish,BSAI,18917,15557,13000,13,1,Northern rockfishBSAI
BSAI,377,2020,2021,1,Blackspotted/Rougheye rockfish,BSAI,576,482,482,14,1,Blackspotted/Rougheye rockfishBSAI
BSAI,380,2020,2021,1,Shortraker rockfish,BSAI,722,541,500,15,1,Shortraker rockfishBSAI
BSAI,381,2020,2021,1,Other rockfish,BSAI,1751,1313,916,16,1,Other rockfishBSAI
BSAI,384,2020,2021,1,Atka mackerel,BSAI,85580,73590,62257,17,1,Atka mackerelBSAI
BSAI,388,2020,2021,1,Skates,BSAI,49297,41257,18000,18,1,SkatesBSAI
BSAI,389,2020,2021,1,Sharks,BSAI,689,517,200,19,1,SharksBSAI
BSAI,390,2020,2021,1,Octopuses,BSAI,4769,3576,700,20,1,OctopusesBSAI
BSAI,274,2021,2022,1,Pollock,EBS,1469000,1111000,1111000,1,1,PollockEBS
BSAI,275,2021,2022,1,Pollock,AI,61264,50752,19000,1,1,PollockAI
BSAI,276,2021,2022,1,Pollock,Bogoslof,113479,85109,250,1,1,PollockBogoslof
BSAI,279,2021,2022,1,Pacific cod,BSAI,210412,173983,150262,2,1,Pacific codBSAI
BSAI,281,2021,2022,1,Sablefish,BS,,5264,5264,3,1,SablefishBS
BSAI,282,2021,2022,1,Sablefish,AI,,6463,6463,3,1,SablefishAI
BSAI,283,2021,2022,1,Yellowfin sole,BSAI,377071,354014,250000,4,1,Yellowfin soleBSAI
BSAI,284,2021,2022,1,Greenland turbot,BSAI,7687,6572,6572,5,1,Greenland turbotBSAI
BSAI,287,2021,2022,1,Arrowtooth flounder,BSAI,94445,80389,20000,6,1,Arrowtooth flounderBSAI
BSAI,288,2021,2022,1,Kamchatka flounder,BSAI,10903,9214,9214,7,1,Kamchatka flounderBSAI
BSAI,289,2021,2022,1,Northern rock sole,BSAI,214084,206896,66000,8,1,Northern rock soleBSAI
BSAI,290,2021,2022,1,Flathead sole,BSAI,77967,64288,35500,9,1,Flathead soleBSAI
BSAI,291,2021,2022,1,Alaska plaice,BSAI,39305,32697,29221,10,1,Alaska plaiceBSAI
BSAI,292,2021,2022,1,Other flatfish,BSAI,22919,17189,10000,11,1,Other flatfishBSAI
BSAI,293,2021,2022,1,Pacific ocean perch,BSAI,42605,35688,35385,12,1,Pacific ocean perchBSAI
BSAI,298,2021,2022,1,Northern rockfish,BSAI,23420,19217,17000,13,1,Northern rockfishBSAI
BSAI,299,2021,2022,1,Blackspotted/Rougheye rockfish,BSAI,598,503,503,14,1,Blackspotted/Rougheye rockfishBSAI
BSAI,302,2021,2022,1,Shortraker rockfish,BSAI,722,541,541,15,1,Shortraker rockfishBSAI
BSAI,303,2021,2022,1,Other rockfish,BSAI,1751,1313,1144,16,1,Other rockfishBSAI
BSAI,306,2021,2022,1,Atka mackerel,BSAI,91870,78510,66481,17,1,Atka mackerelBSAI
BSAI,310,2021,2022,1,Skates,BSAI,47790,39958,30000,18,1,SkatesBSAI
BSAI,311,2021,2022,1,Sharks,BSAI,689,517,500,19,1,SharksBSAI
BSAI,312,2021,2022,1,Octopuses,BSAI,4769,3576,700,20,1,OctopusesBSAI
BSAI,196,2022,2023,1,Pollock,EBS,3381000,1910000,1300000,1,1,PollockEBS
BSAI,197,2022,2023,1,Pollock,AI,52383,43413,19000,1,1,PollockAI
BSAI,198,2022,2023,1,Pollock,Bogoslof,115146,86360,300,1,1,PollockBogoslof
BSAI,201,2022,2023,1,Pacific cod,BSAI,190911,158646,135834,2,1,Pacific codBSAI
BSAI,203,2022,2023,1,Sablefish,BS,,8417,7996,3,1,SablefishBS
BSAI,204,2022,2023,1,Sablefish,AI,,8884,8440,3,1,SablefishAI
BSAI,205,2022,2023,1,Yellowfin sole,BSAI,404882,378499,230000,4,1,Yellowfin soleBSAI
BSAI,206,2022,2023,1,Greenland turbot,BSAI,4645,3960,3960,5,1,Greenland turbotBSAI
BSAI,209,2022,2023,1,Arrowtooth flounder,BSAI,98787,83852,15000,6,1,Arrowtooth flounderBSAI
BSAI,210,2022,2023,1,Kamchatka flounder,BSAI,8946,7579,7579,7,1,Kamchatka flounderBSAI
BSAI,211,2022,2023,1,Northern rock sole,BSAI,166034,121719,66000,8,1,Northern rock soleBSAI
BSAI,212,2022,2023,1,Flathead sole,BSAI,79256,65344,35500,9,1,Flathead soleBSAI
BSAI,213,2022,2023,1,Alaska plaice,BSAI,40823,33946,17500,10,1,Alaska plaiceBSAI
BSAI,214,2022,2023,1,Other flatfish,BSAI,22919,17189,4500,11,1,Other flatfishBSAI
BSAI,215,2022,2023,1,Pacific ocean perch,BSAI,50133,42038,37703,12,1,Pacific ocean perchBSAI
BSAI,220,2022,2023,1,Northern rockfish,BSAI,22776,18687,11000,13,1,Northern rockfishBSAI
BSAI,221,2022,2023,1,Blackspotted/Rougheye rockfish,BSAI,703,525,525,14,1,Blackspotted/Rougheye rockfishBSAI
BSAI,224,2022,2023,1,Shortraker rockfish,BSAI,706,530,530,15,1,Shortraker rockfishBSAI
BSAI,225,2022,2023,1,Other rockfish,BSAI,1680,1260,1260,16,1,Other rockfishBSAI
BSAI,228,2022,2023,1,Atka mackerel,BSAI,118787,98588,69282,17,1,Atka mackerelBSAI
BSAI,232,2022,2023,1,Skates,BSAI,46220,38605,27441,18,1,SkatesBSAI
BSAI,233,2022,2023,1,Sharks,BSAI,689,450,250,19,1,SharksBSAI
BSAI,234,2022,2023,1,Octopuses,BSAI,4769,3576,400,20,1,OctopusesBSAI
BSAI,118,2023,2024,1,Pollock,EBS,3162000,2313000,1300000,1,1,PollockEBS
BSAI,119,2023,2024,1,Pollock,AI,51516,42654,19000,1,1,PollockAI
BSAI,120,2023,2024,1,Pollock,Bogoslof,115146,86360,250,1,1,PollockBogoslof
BSAI,123,2023,2024,1,Pacific cod,BSAI,219411,180383,155833,2,1,Pacific codBSAI
BSAI,125,2023,2024,1,Sablefish,BS,,11450,7996,3,1,SablefishBS
BSAI,126,2023,2024,1,Sablefish,AI,,13100,8440,3,1,SablefishAI
BSAI,127,2023,2024,1,Yellowfin sole,BSAI,305298,265913,195000,4,1,Yellowfin soleBSAI
BSAI,128,2023,2024,1,Greenland turbot,BSAI,3705,3188,3188,5,1,Greenland turbotBSAI
BSAI,131,2023,2024,1,Arrowtooth flounder,BSAI,103280,87690,14000,6,1,Arrowtooth flounderBSAI
BSAI,132,2023,2024,1,Kamchatka flounder,BSAI,8850,7498,7498,7,1,Kamchatka flounderBSAI
BSAI,133,2023,2024,1,Northern rock sole,BSAI,197828,122091,66000,8,1,Northern rock soleBSAI
BSAI,134,2023,2024,1,Flathead sole,BSAI,81605,67289,35500,9,1,Flathead soleBSAI
BSAI,135,2023,2024,1,Alaska plaice,BSAI,42695,35494,21752,10,1,Alaska plaiceBSAI
BSAI,136,2023,2024,1,Other flatfish,BSAI,22919,17189,4500,11,1,Other flatfishBSAI
BSAI,137,2023,2024,1,Pacific ocean perch,BSAI,49010,41096,37626,12,1,Pacific ocean perchBSAI
BSAI,142,2023,2024,1,Northern rockfish,BSAI,23556,19274,16752,13,1,Northern rockfishBSAI
BSAI,143,2023,2024,1,Blackspotted/Rougheye rockfish,BSAI,761,569,569,14,1,Blackspotted/Rougheye rockfishBSAI
BSAI,146,2023,2024,1,Shortraker rockfish,BSAI,706,530,530,15,1,Shortraker rockfishBSAI
BSAI,147,2023,2024,1,Other rockfish,BSAI,1680,1260,1260,16,1,Other rockfishBSAI
BSAI,150,2023,2024,1,Atka mackerel,BSAI,111684,95358,72987,17,1,Atka mackerelBSAI
BSAI,154,2023,2024,1,Skates,BSAI,45574,37808,30519,18,1,SkatesBSAI
BSAI,155,2023,2024,1,Sharks,BSAI,689,450,400,19,1,SharksBSAI
BSAI,156,2023,2024,1,Octopuses,BSAI,6080,4560,400,20,1,OctopusesBSAI
BSAI,40,2024,2025,1,Pollock,EBS,2957000,2417000,1375000,1,1,PollockEBS
BSAI,41,2024,2025,1,Pollock,AI,55728,46051,19000,1,1,PollockAI
BSAI,42,2024,2025,1,Pollock,Bogoslof,77354,58015,250,1,1,PollockBogoslof
BSAI,45,2024,2025,1,Pacific cod,BSAI,200291,166993,142296,2,1,Pacific codBSAI
BSAI,47,2024,2025,1,Sablefish,BS,,13203,8496,3,1,SablefishBS
BSAI,48,2024,2025,1,Sablefish,AI,,11566,7940,3,1,SablefishAI
BSAI,49,2024,2025,1,Yellowfin sole,BSAI,299247,262557,135000,4,1,Yellowfin soleBSAI
BSAI,50,2024,2025,1,Greenland turbot,BSAI,2598,1678,1678,5,1,Greenland turbotBSAI
BSAI,53,2024,2025,1,Arrowtooth flounder,BSAI,104428,88683,14000,6,1,Arrowtooth flounderBSAI
BSAI,54,2024,2025,1,Kamchatka flounder,BSAI,8019,6800,6800,7,1,Kamchatka flounderBSAI
BSAI,55,2024,2025,1,Northern rock sole,BSAI,165444,157487,75000,8,1,Northern rock soleBSAI
BSAI,56,2024,2025,1,Flathead sole,BSAI,101621,83807,36000,9,1,Flathead soleBSAI
BSAI,57,2024,2025,1,Alaska plaice,BSAI,34576,28745,15903,10,1,Alaska plaiceBSAI
BSAI,58,2024,2025,1,Other flatfish,BSAI,26083,19562,4500,11,1,Other flatfishBSAI
BSAI,59,2024,2025,1,Pacific ocean perch,BSAI,44594,37375,33458,12,1,Pacific ocean perchBSAI
BSAI,64,2024,2025,1,Northern rockfish,BSAI,22848,18694,12000,13,1,Northern rockfishBSAI
BSAI,65,2024,2025,1,Blackspotted/Rougheye rockfish,BSAI,838,706,706,14,1,Blackspotted/Rougheye rockfishBSAI
BSAI,68,2024,2025,1,Shortraker rockfish,BSAI,631,473,473,15,1,Shortraker rockfishBSAI
BSAI,69,2024,2025,1,Other rockfish,BSAI,1406,1054,1054,16,1,Other rockfishBSAI
BSAI,72,2024,2025,1,Atka mackerel,BSAI,122622,103247,82000,17,1,Atka mackerelBSAI
BSAI,76,2024,2025,1,Skates,BSAI,44086,36523,27646,18,1,SkatesBSAI
BSAI,77,2024,2025,1,Sharks,BSAI,689,450,400,19,1,SharksBSAI
BSAI,78,2024,2025,1,Octopuses,BSAI,6080,4560,400,20,1,OctopusesBSAI
BSAI,1,2025,2026,1,Pollock,EBS,2496000,2036000,1375000,1,1,PollockEBS
BSAI,2,2025,2026,1,Pollock,AI,56231,46437,19000,1,1,PollockAI
BSAI,3,2025,2026,1,Pollock,Bogoslof,77354,58015,250,1,1,PollockBogoslof
BSAI,6,2025,2026,1,Pacific cod,BSAI,185516,154493,132028,2,1,Pacific codBSAI
BSAI,8,2025,2026,1,Sablefish,BS,,13037,8996,3,1,SablefishBS
BSAI,9,2025,2026,1,Sablefish,AI,,11421,7440,3,1,SablefishAI
BSAI,10,2025,2026,1,Yellowfin sole,BSAI,305039,267639,145000,4,1,Yellowfin soleBSAI
BSAI,11,2025,2026,1,Greenland turbot,BSAI,2059,1328,1328,5,1,Greenland turbotBSAI
BSAI,14,2025,2026,1,Arrowtooth flounder,BSAI,102472,87035,14000,6,1,Arrowtooth flounderBSAI
BSAI,15,2025,2026,1,Kamchatka flounder,BSAI,7790,6606,6606,7,1,Kamchatka flounderBSAI
BSAI,16,2025,2026,1,Northern rock sole,BSAI,166220,158225,75000,8,1,Northern rock soleBSAI
BSAI,17,2025,2026,1,Flathead sole,BSAI,106283,87700,36000,9,1,Flathead soleBSAI
BSAI,18,2025,2026,1,Alaska plaice,BSAI,33965,28230,15682,10,1,Alaska plaiceBSAI
BSAI,19,2025,2026,1,Other flatfish,BSAI,26083,19562,4500,11,1,Other flatfishBSAI
BSAI,20,2025,2026,1,Pacific ocean perch,BSAI,43084,36578,33490,12,1,Pacific ocean perchBSAI
BSAI,25,2025,2026,1,Northern rockfish,BSAI,22284,18232,12000,13,1,Northern rockfishBSAI
BSAI,26,2025,2026,1,Blackspotted/Rougheye rockfish,BSAI,902,766,766,14,1,Blackspotted/Rougheye rockfishBSAI
BSAI,29,2025,2026,1,Shortraker rockfish,BSAI,631,473,473,15,1,Shortraker rockfishBSAI
BSAI,30,2025,2026,1,Other rockfish,BSAI,1406,1054,1054,16,1,Other rockfishBSAI
BSAI,33,2025,2026,1,Atka mackerel,BSAI,107889,92361,82941,17,1,Atka mackerelBSAI
BSAI,37,2025,2026,1,Skates,BSAI,43285,35833,27646,18,1,SkatesBSAI
BSAI,38,2025,2026,1,Sharks,BSAI,689,450,400,19,1,SharksBSAI
BSAI,39,2025,2026,1,Octopuses,BSAI,6080,4560,400,20,1,OctopusesBSAI
GOA,4,1986,1986,1,Pollock,Total,,,302280,1,1,
GOA,7,1986,1986,1,Pacific cod,Total,,,48000,2,1,
GOA,14,1986,1986,1,Pacific Ocean Perch,Total,,,6083,9,1,
GOA,16,1986,1986,1,Thornyhead Rockfish,Total,,,3000,15,1,
GOA,18,1986,1986,1,Other Rockfish,Total,,,4400,16,1,
GOA,19,1986,1986,1,Other Rockfish,Total,,,5000,16,1,
GOA,22,1986,1986,1,Atka Mackerel,Total,,,4232,17,1,
GOA,25,1986,1986,1,Squids,Total,,,4000,25,1,
GOA,26,1986,1986,1,Other Species,Total,,,17968,27,1,
GOA,29,1986,1986,1,Other Flounder,Total,,,26810,29,1,
GOA,34,1987,1987,1,Pollock,Total,,,108000,1,1,
GOA,37,1987,1987,1,Pacific cod,Total,,,50000,2,1,
GOA,41,1987,1987,1,Sablefish,Total,,,20000,3,1,
GOA,46,1987,1987,1,Pacific Ocean Perch,Total,,,5000,9,1,
GOA,48,1987,1987,1,Thornyhead Rockfish,Total,,,3750,15,1,
GOA,50,1987,1987,1,Other Rockfish,Total,,,4000,16,1,
GOA,51,1987,1987,1,Other Rockfish,Total,,,5250,16,1,
GOA,54,1987,1987,1,Atka Mackerel,Total,,,240,17,1,
GOA,58,1987,1987,1,Squids,Total,,,5000,25,1,
GOA,59,1987,1987,1,Other Species,Total,,,10312,27,1,
GOA,62,1987,1987,1,Other Flounder,Total,,,9000,29,1,
GOA,66,1988,1988,1,Pollock,Total,,93000,93000,1,1,
GOA,69,1988,1988,1,Pacific cod,Total,,99000,80000,2,1,
GOA,73,1988,1988,1,Sablefish,Total,,35000,28000,3,1,
GOA,76,1988,1988,1,Demersal Shelf Rockfish,Total,,,660,14,1,
GOA,77,1988,1988,1,Thornyhead Rockfish,Total,,3750,3750,15,1,
GOA,80,1988,1988,1,Other Rockfish,Total,,16800,16800,16,1,
GOA,86,1988,1988,1,Pelagic Shelf Rockfish,Total,,3300,3300,26,1,
GOA,88,1988,1988,1,Other Species,Total,,,12426,27,1,
GOA,91,1988,1988,1,Other Flounder,Total,,767700,23000,29,1,
GOA,96,1989,1989,1,Pollock,Total,,63400,60200,1,1,
GOA,99,1989,1989,1,Pacific cod,Total,,71200,71200,2,1,
GOA,103,1989,1989,1,Sablefish,Total,,30900,26000,3,1,
GOA,106,1989,1989,1,Demersal Shelf Rockfish,Total,,,420,14,1,
GOA,107,1989,1989,1,Thornyhead Rockfish,Total,,3800,3800,15,1,
GOA,110,1989,1989,1,Other Rockfish,Total,,20000,20000,16,1,
GOA,116,1989,1989,1,Pelagic Shelf Rockfish,Total,,6600,3300,26,1,
GOA,118,1989,1989,1,Other Species,Total,,,11046,27,1,
GOA,121,1989,1989,1,Other Flounder,Total,,554700,36000,29,1,
GOA,126,1990,1990,1,Pollock,Total,,73400,73400,1,1,
GOA,129,1990,1990,1,Pacific cod,Total,,90000,90000,2,1,
GOA,133,1990,1990,1,Sablefish,Total,,26200,26000,3,1,
GOA,138,1990,1990,1,Shallow-water Flatfish,Total,,84500,10000,4,1,
GOA,142,1990,1990,1,Deep-water Flatfish,Total,,108400,22000,5,1,
GOA,146,1990,1990,1,Arrowtooth Flounder,Total,,194600,32000,7,1,
GOA,148,1990,1990,1,Demersal Shelf Rockfish,Total,,,470,14,1,
GOA,149,1990,1990,1,Thornyhead Rockfish,Total,,3800,3800,15,1,
GOA,152,1990,1990,1,Other Rockfish,Total,,17700,17700,16,1,
GOA,158,1990,1990,1,Pelagic Shelf Rockfish,Total,,8200,8200,26,1,
GOA,160,1990,1990,1,Other Species,Total,,,14179,27,1,
GOA,165,1991,1991,1,Pollock,Total,,103400,103400,1,1,
GOA,168,1991,1991,1,Pacific cod,Total,,77900,77900,2,1,
GOA,172,1991,1991,1,Sablefish,Total,,22500,22500,3,1,
GOA,177,1991,1991,1,Shallow-water Flatfish,Total,,74000,12000,4,1,
GOA,181,1991,1991,1,Deep-water Flatfish,Total,,50500,15000,5,1,
GOA,185,1991,1991,1,Arrowtooth Flounder,Total,,340100,20000,7,1,
GOA,189,1991,1991,1,Flathead Sole,Total,,50300,10000,8,1,
GOA,193,1991,1991,1,Pacific Ocean Perch,Total,,5800,5800,9,1,
GOA,195,1991,1991,1,Demersal Shelf Rockfish,Total,,445,425,14,1,
GOA,196,1991,1991,1,Thornyhead Rockfish,Total,,1798,1398,15,1,
GOA,199,1991,1991,1,Other Rockfish,Total,,10100,10100,16,1,
GOA,205,1991,1991,1,Pelagic Shelf Rockfish,Total,,4800,4800,26,1,
GOA,207,1991,1991,1,Other Species,Total,,,15766,27,1,
GOA,210,1991,1991,1,Shortraker/Rougheye Rockfish,Total,,2000,2000,28,1,
GOA,217,1992,1992,1,Pollock,Total,227900,99400,87400,1,1,
GOA,220,1992,1992,1,Pacific cod,Total,87600,63500,63500,2,1,
GOA,224,1992,1992,1,Sablefish,Total,28200,20800,20800,3,1,
GOA,229,1992,1992,1,Shallow-water Flatfish,Total,70900,50480,11740,4,1,
GOA,233,1992,1992,1,Deep-water Flatfish,Total,51500,39280,19740,5,1,
GOA,237,1992,1992,1,Arrowtooth Flounder,Total,427000,303880,25000,7,1,
GOA,241,1992,1992,1,Flathead Sole,Total,63100,48280,10000,8,1,
GOA,245,1992,1992,1,Pacific Ocean Perch,Total,5730,5730,5200,9,1,
GOA,247,1992,1992,1,Demersal Shelf Rockfish,Total,732,550,550,14,1,
GOA,248,1992,1992,1,Thornyhead Rockfish,Total,2440,1798,1798,15,1,
GOA,251,1992,1992,1,Other Rockfish,Total,20710,14060,14060,16,1,
GOA,257,1992,1992,1,Pelagic Shelf Rockfish,Total,11360,6886,6886,26,1,
GOA,259,1992,1992,1,Other Species,Total,,,13432,27,1,
GOA,262,1992,1992,1,Shortraker/Rougheye Rockfish,Total,2900,1960,1960,28,1,
GOA,269,1993,1993,1,Pollock,Total,295020,160400,114400,1,1,
GOA,272,1993,1993,1,Pacific cod,Total,78100,56700,56700,2,1,
GOA,276,1993,1993,1,Sablefish,Total,27750,20900,20900,3,1,
GOA,281,1993,1993,1,Shallow-water Flatfish,Total,70860,50480,16240,4,1,
GOA,285,1993,1993,1,Deep-water Flatfish,Total,59650,45530,19740,5,1,
GOA,289,1993,1993,1,Arrowtooth Flounder,Total,451690,321290,30000,7,1,
GOA,293,1993,1993,1,Flathead Sole,Total,64780,49450,10000,8,1,
GOA,297,1993,1993,1,Pacific Ocean Perch,Total,3378,3378,2560,9,1,
GOA,301,1993,1993,1,Northern Rockfish,Total,10360,5760,5760,10,1,
GOA,303,1993,1993,1,Demersal Shelf Rockfish,Total,1600,800,800,14,1,
GOA,304,1993,1993,1,Thornyhead Rockfish,Total,1441,1180,1062,15,1,
GOA,307,1993,1993,1,Other Rockfish,Total,9850,8300,5383,16,1,
GOA,313,1993,1993,1,Pelagic Shelf Rockfish,Total,11300,6740,6740,26,1,
GOA,317,1993,1993,1,Other Species,Total,,,14602,27,1,
GOA,321,1993,1993,1,Shortraker/Rougheye Rockfish,Total,2900,1960,1764,28,1,
GOA,328,1994,1994,1,Pollock,Total,246600,109300,109300,1,1,
GOA,331,1994,1994,1,Pacific cod,Total,71100,50400,50400,2,1,
GOA,335,1994,1994,1,Sablefish,Total,31700,25500,25500,3,1,
GOA,340,1994,1994,1,Shallow-water Flatfish,Total,44670,34420,18630,4,1,
GOA,344,1994,1994,1,Deep-water Flatfish,Total,19280,16510,11080,5,1,
GOA,348,1994,1994,1,Rex Sole,Total,13960,11950,10140,6,1,
GOA,352,1994,1994,1,Arrowtooth Flounder,Total,275930,236240,30000,7,1,
GOA,356,1994,1994,1,Flathead Sole,Total,39310,35850,10000,8,1,
GOA,360,1994,1994,1,Pacific Ocean Perch,Total,3940,3030,2550,9,1,
GOA,364,1994,1994,1,Northern Rockfish,Total,10360,5760,5760,10,1,
GOA,366,1994,1994,1,Demersal Shelf Rockfish,Total,1680,960,960,14,1,
GOA,367,1994,1994,1,Thornyhead Rockfish,Total,1440,1180,1180,15,1,
GOA,370,1994,1994,1,Other Rockfish,Total,9850,8300,2235,16,1,
GOA,374,1994,1994,1,Atka Mackerel,Total,19040,4800,3505,17,1,
GOA,380,1994,1994,1,Pelagic Shelf Rockfish,Total,11550,6890,6890,26,1,
GOA,382,1994,1994,1,Other Species,Total,,,14505,27,1,
GOA,385,1994,1994,1,Shortraker/Rougheye Rockfish,Total,2900,1960,1960,28,1,
GOA,392,1995,1995,1,Pollock,Total,280400,65360,65360,1,1,
GOA,395,1995,1995,1,Pacific cod,Total,126000,69200,69200,2,1,
GOA,399,1995,1995,1,Sablefish,Total,25730,21500,21500,3,1,
GOA,404,1995,1995,1,Shallow-water Flatfish,Total,60262,52270,18630,4,1,
GOA,408,1995,1995,1,Deep-water Flatfish,Total,17040,14590,11080,5,1,
GOA,412,1995,1995,1,Rex Sole,Total,13091,11210,9690,6,1,
GOA,416,1995,1995,1,Arrowtooth Flounder,Total,231416,198130,35000,7,1,
GOA,420,1995,1995,1,Flathead Sole,Total,31557,28790,9740,8,1,
GOA,424,1995,1995,1,Pacific Ocean Perch,Total,8232,6530,5630,9,1,
GOA,428,1995,1995,1,Northern Rockfish,Total,9926,5270,5270,10,1,
GOA,430,1995,1995,1,Demersal Shelf Rockfish,Total,1044,580,580,14,1,
GOA,431,1995,1995,1,Thornyhead Rockfish,Total,2660,1900,1900,15,1,
GOA,434,1995,1995,1,Other Rockfish,Total,8395,7110,2235,16,1,
GOA,438,1995,1995,1,Atka Mackerel,Total,11700,3240,3240,17,1,
GOA,444,1995,1995,1,Pelagic Shelf Rockfish,Total,8704,5190,5190,26,1,
GOA,446,1995,1995,1,Other Species,Total,,,13308,27,1,
GOA,449,1995,1995,1,Shortraker/Rougheye Rockfish,Total,2925,1910,1910,28,1,
GOA,456,1996,1996,1,Pollock,Total,86400,54810,54810,1,1,
GOA,459,1996,1996,1,Pacific cod,Total,88000,65000,65000,2,1,
GOA,463,1996,1996,1,Sablefish,Total,22800,17080,17080,3,1,
GOA,468,1996,1996,1,Shallow-water Flatfish,Total,60262,28790,18630,4,1,
GOA,472,1996,1996,1,Deep-water Flatfish,Total,17040,14590,11080,5,1,
GOA,476,1996,1996,1,Rex Sole,Total,13091,11210,9690,6,1,
GOA,480,1996,1996,1,Arrowtooth Flounder,Total,231416,198130,35000,7,1,
GOA,484,1996,1996,1,Flathead Sole,Total,31557,52270,9740,8,1,
GOA,488,1996,1996,1,Pacific Ocean Perch,Total,10165,8060,6959,9,1,
GOA,492,1996,1996,1,Northern Rockfish,Total,9926,5270,5270,10,1,
GOA,494,1996,1996,1,Demersal Shelf Rockfish,Total,1702,950,950,14,1,
GOA,495,1996,1996,1,Thornyhead Rockfish,Total,2200,1560,1248,15,1,
GOA,498,1996,1996,1,Other Rockfish,Total,8395,7110,2020,16,1,
GOA,502,1996,1996,1,Atka Mackerel,Total,9800,3240,3240,17,1,
GOA,508,1996,1996,1,Pelagic Shelf Rockfish,Total,8704,5190,5190,26,1,
GOA,510,1996,1996,1,Other Species,Total,,,12390,27,1,
GOA,513,1996,1996,1,Shortraker/Rougheye Rockfish,Total,2925,1910,1910,28,1,
GOA,520,1997,1997,1,Pollock,Total,111270,79980,79980,1,1,
GOA,523,1997,1997,1,Pacific cod,Total,180000,81500,69115,2,1,
GOA,527,1997,1997,1,Sablefish,Total,39950,14520,14520,3,1,
GOA,532,1997,1997,1,Shallow-water Flatfish,Total,59540,43150,18630,4,1,
GOA,536,1997,1997,1,Deep-water Flatfish,Total,9440,7170,7170,5,1,
GOA,540,1997,1997,1,Rex Sole,Total,11920,9150,9150,6,1,
GOA,544,1997,1997,1,Arrowtooth Flounder,Total,280800,197840,35000,7,1,
GOA,548,1997,1997,1,Flathead Sole,Total,34010,26110,9040,8,1,
GOA,552,1997,1997,1,Pacific Ocean Perch,Total,19760,12990,9190,9,1,
GOA,556,1997,1997,1,Northern Rockfish,Total,9420,5000,5000,10,1,
GOA,558,1997,1997,1,Demersal Shelf Rockfish,Total,1450,950,950,14,1,
GOA,559,1997,1997,1,Thornyhead Rockfish,Total,2400,1700,1700,15,1,
GOA,562,1997,1997,1,Other Rockfish,Total,7560,5260,2170,16,1,
GOA,564,1997,1997,1,Atka Mackerel,Total,6200,1000,1000,17,1,
GOA,569,1997,1997,1,Pelagic Shelf Rockfish,Total,8400,5140,5140,26,1,
GOA,571,1997,1997,1,Other Species,Total,,,13470,27,1,
GOA,574,1997,1997,1,Shortraker/Rougheye Rockfish,Total,2740,1590,1590,28,1,
GOA,581,1998,1998,1,Pollock,Total,186100,130000,124730,1,1,
GOA,584,1998,1998,1,Pacific cod,Total,141000,77900,66060,2,1,
GOA,589,1998,1998,1,Sablefish,Total,23450,14120,14120,3,1,
GOA,594,1998,1998,1,Shallow-water Flatfish,Total,59540,43150,18630,4,1,
GOA,598,1998,1998,1,Deep-water Flatfish,Total,9440,7170,7170,5,1,
GOA,602,1998,1998,1,Rex Sole,Total,11920,9150,9150,6,1,
GOA,606,1998,1998,1,Arrowtooth Flounder,Total,295970,208340,35000,7,1,
GOA,610,1998,1998,1,Flathead Sole,Total,34010,26110,9040,8,1,
GOA,614,1998,1998,1,Pacific Ocean Perch,Total,18090,12820,10776,9,1,
GOA,618,1998,1998,1,Northern Rockfish,Total,9420,5000,5000,10,1,
GOA,620,1998,1998,1,Demersal Shelf Rockfish,Total,950,560,560,14,1,
GOA,623,1998,1998,1,Thornyhead Rockfish,Total,2840,2000,2000,15,1,
GOA,627,1998,1998,1,Other Rockfish,Total,7560,5260,2170,16,1,
GOA,629,1998,1998,1,Atka Mackerel,Total,6200,600,600,17,1,
GOA,634,1998,1998,1,Pelagic Shelf Rockfish,Total,8040,4880,4880,26,1,
GOA,636,1998,1998,1,Other Species,Total,,,15570,27,1,
GOA,639,1998,1998,1,Shortraker/Rougheye Rockfish,Total,2740,1590,1590,28,1,
GOA,646,1999,1999,1,Pollock,Total,146400,100920,100920,1,1,
GOA,651,1999,1999,1,Pacific cod,Total,134000,84400,67835,2,1,
GOA,656,1999,1999,1,Sablefish,Total,19720,12700,12700,3,1,
GOA,661,1999,1999,1,Shallow-water Flatfish,Total,59540,43150,18770,4,1,
GOA,665,1999,1999,1,Deep-water Flatfish,Total,8070,6050,6050,5,1,
GOA,670,1999,1999,1,Rex Sole,Total,11920,9150,9150,6,1,
GOA,675,1999,1999,1,Arrowtooth Flounder,Total,308880,217110,35000,7,1,
GOA,680,1999,1999,1,Flathead Sole,Total,34010,26110,9040,8,1,
GOA,686,1999,1999,1,Pacific Ocean Perch,Total,18490,13120,12590,9,1,
GOA,691,1999,1999,1,Northern Rockfish,Total,9420,4990,4990,10,1,
GOA,693,1999,1999,1,Demersal Shelf Rockfish,Total,950,560,560,14,1,
GOA,696,1999,1999,1,Thornyhead Rockfish,Total,2800,1990,1990,15,1,
GOA,700,1999,1999,1,Other Rockfish,Total,7560,5270,5270,16,1,
GOA,703,1999,1999,1,Atka Mackerel,Total,6200,600,600,17,1,
GOA,708,1999,1999,1,Pelagic Shelf Rockfish,Total,8190,4880,4880,26,1,
GOA,711,1999,1999,1,Other Species,Total,,,14600,27,1,
GOA,714,1999,1999,1,Shortraker/Rougheye Rockfish,Total,2740,1590,1590,28,1,
GOA,721,2000,2000,1,Pollock,Total,139370,100000,100000,1,1,
GOA,726,2000,2000,1,Pacific cod,Total,102000,76400,58715,2,1,
GOA,731,2000,2000,1,Sablefish,Total,16660,13330,13330,3,1,
GOA,736,2000,2000,1,Shallow-water Flatfish,Total,45330,37860,19400,4,1,
GOA,740,2000,2000,1,Deep-water Flatfish,Total,6980,5300,5300,5,1,
GOA,745,2000,2000,1,Rex Sole,Total,12300,9440,9440,6,1,
GOA,750,2000,2000,1,Arrowtooth Flounder,Total,173910,145360,35000,7,1,
GOA,755,2000,2000,1,Flathead Sole,Total,34210,26270,9060,8,1,
GOA,761,2000,2000,1,Pacific Ocean Perch,Total,15390,13020,13020,9,1,
GOA,766,2000,2000,1,Northern Rockfish,Total,7510,5120,5120,10,1,
GOA,768,2000,2000,1,Demersal Shelf Rockfish,Total,420,340,340,14,1,
GOA,771,2000,2000,1,Thornyhead Rockfish,Total,2820,2360,2360,15,1,
GOA,775,2000,2000,1,Other Rockfish,Total,6390,4900,4900,16,1,
GOA,778,2000,2000,1,Atka Mackerel,Total,6200,600,600,17,1,
GOA,783,2000,2000,1,Pelagic Shelf Rockfish,Total,9040,5980,5980,26,1,
GOA,786,2000,2000,1,Other Species,Total,,,14215,27,1,
GOA,789,2000,2000,1,Shortraker/Rougheye Rockfish,Total,2510,1730,1730,28,1,
GOA,796,2001,2001,1,Pollock,Total,126360,105810,95875,1,1,
GOA,801,2001,2001,1,Pacific cod,Total,91200,67800,52110,2,1,
GOA,806,2001,2001,1,Sablefish,Total,15720,12840,12840,3,1,
GOA,811,2001,2001,1,Shallow-water Flatfish,Total,45330,37860,19400,4,1,
GOA,815,2001,2001,1,Deep-water Flatfish,Total,6980,5300,5300,5,1,
GOA,820,2001,2001,1,Rex Sole,Total,12300,9440,9440,6,1,
GOA,825,2001,2001,1,Arrowtooth Flounder,Total,173550,148150,38000,7,1,
GOA,830,2001,2001,1,Flathead Sole,Total,34210,26270,9060,8,1,
GOA,836,2001,2001,1,Pacific Ocean Perch,Total,15960,13510,13510,9,1,
GOA,841,2001,2001,1,Northern Rockfish,Total,5780,4880,4880,10,1,
GOA,843,2001,2001,1,Demersal Shelf Rockfish,Total,410,330,330,14,1,
GOA,846,2001,2001,1,Thornyhead Rockfish,Total,2770,2310,2310,15,1,
GOA,850,2001,2001,1,Other Rockfish,Total,6390,4900,1010,16,1,
GOA,853,2001,2001,1,Atka Mackerel,Total,6200,600,600,17,1,
GOA,858,2001,2001,1,Pelagic Shelf Rockfish,Total,9040,5980,5980,26,1,
GOA,861,2001,2001,1,Other Species,Total,,,13619,27,1,
GOA,864,2001,2001,1,Shortraker/Rougheye Rockfish,Total,2510,1730,1730,28,1,
GOA,870,2002,2002,1,Pollock,Total,84090,58250,58250,1,1,
GOA,875,2002,2002,1,Pacific cod,Total,77100,57600,44230,2,1,
GOA,880,2002,2002,1,Sablefish,Total,19350,12820,12820,3,1,
GOA,885,2002,2002,1,Shallow-water Flatfish,Total,61810,49550,20420,4,1,
GOA,889,2002,2002,1,Deep-water Flatfish,Total,6430,4880,4880,5,1,
GOA,894,2002,2002,1,Rex Sole,Total,12320,9470,9470,6,1,
GOA,899,2002,2002,1,Arrowtooth Flounder,Total,171060,146260,38000,7,1,
GOA,904,2002,2002,1,Flathead Sole,Total,29530,22690,9280,8,1,
GOA,910,2002,2002,1,Pacific Ocean Perch,Total,15670,13190,13190,9,1,
GOA,915,2002,2002,1,Northern Rockfish,Total,5910,4980,4770,10,1,
GOA,917,2002,2002,1,Demersal Shelf Rockfish,Total,480,350,350,14,1,
GOA,920,2002,2002,1,Thornyhead Rockfish,Total,2330,1990,1990,15,1,
GOA,924,2002,2002,1,Other Rockfish,Total,6610,5040,990,16,1,
GOA,927,2002,2002,1,Atka Mackerel,Total,6200,600,600,17,1,
GOA,932,2002,2002,1,Pelagic Shelf Rockfish,Total,8220,5490,5490,26,1,
GOA,935,2002,2002,1,Other Species,Total,,,11330,27,1,
GOA,938,2002,2002,1,Shortraker/Rougheye Rockfish,Total,2340,1620,1620,28,1,
GOA,944,2003,2003,1,Pollock,Total,78020,54350,54350,1,1,
GOA,949,2003,2003,1,Pacific cod,Total,70100,52800,40540,2,1,
GOA,954,2003,2003,1,Sablefish,Total,20020,14890,14890,3,1,
GOA,959,2003,2003,1,Shallow-water Flatfish,Total,61810,49340,21620,4,1,
GOA,963,2003,2003,1,Deep-water Flatfish,Total,6430,4880,4880,5,1,
GOA,968,2003,2003,1,Rex Sole,Total,12320,9470,9470,6,1,
GOA,973,2003,2003,1,Arrowtooth Flounder,Total,181390,155140,38000,7,1,
GOA,978,2003,2003,1,Flathead Sole,Total,51560,41390,11150,8,1,
GOA,984,2003,2003,1,Pacific Ocean Perch,Total,16240,13660,13660,9,1,
GOA,989,2003,2003,1,Northern Rockfish,Total,6560,5530,5530,10,1,
GOA,991,2003,2003,1,Demersal Shelf Rockfish,Total,540,390,390,14,1,
GOA,994,2003,2003,1,Thornyhead Rockfish,Total,3050,2000,2000,15,1,
GOA,998,2003,2003,1,Other Rockfish,Total,6610,5050,990,16,1,
GOA,1001,2003,2003,1,Atka Mackerel,Total,6200,600,600,17,1,
GOA,1006,2003,2003,1,Pelagic Shelf Rockfish,Total,8220,5490,5490,26,1,
GOA,1009,2003,2003,1,Other Species,Total,,,11260,27,1,
GOA,1012,2003,2003,1,Shortraker/Rougheye Rockfish,Total,2340,1620,1620,28,1,
GOA,1018,2004,2004,1,Pollock,Total,99750,71260,71260,1,1,
GOA,1023,2004,2004,1,Pacific cod,Total,102000,62810,48033,2,1,
GOA,1028,2004,2004,1,Sablefish,Total,22160,16550,16550,3,1,
GOA,1033,2004,2004,1,Shallow-water Flatfish,Total,63840,52070,20740,4,1,
GOA,1037,2004,2004,1,Deep-water Flatfish,Total,8010,6070,6070,5,1,
GOA,1042,2004,2004,1,Rex Sole,Total,16480,12650,12650,6,1,
GOA,1047,2004,2004,1,Arrowtooth Flounder,Total,228130,194930,38000,7,1,
GOA,1052,2004,2004,1,Flathead Sole,Total,64750,51720,10880,8,1,
GOA,1058,2004,2004,1,Pacific Ocean Perch,Total,15840,13340,13340,9,1,
GOA,1063,2004,2004,1,Northern Rockfish,Total,5790,4870,4870,10,1,
GOA,1065,2004,2004,1,Demersal Shelf Rockfish,Total,690,450,450,14,1,
GOA,1068,2004,2004,1,Thornyhead Rockfish,Total,2590,1940,1940,15,1,
GOA,1072,2004,2004,1,Other Rockfish,Total,5150,3900,670,16,1,
GOA,1075,2004,2004,1,Atka Mackerel,Total,6200,600,600,17,1,
GOA,1080,2004,2004,1,Pelagic Shelf Rockfish,Total,5570,4470,4470,26,1,
GOA,1083,2004,2004,1,Other Species,Total,,,12592,27,1,
GOA,1086,2004,2004,1,Shortraker/Rougheye Rockfish,Total,2510,1318,1318,28,1,
GOA,1092,2005,2005,1,Pollock,Total,153030,91710,91710,1,1,
GOA,1097,2005,2005,1,Pacific cod,Total,86200,58100,44433,2,1,
GOA,1102,2005,2005,1,Sablefish,Total,19280,15940,15940,3,1,
GOA,1107,2005,2005,1,Shallow-water Flatfish,Total,63840,52070,20740,4,1,
GOA,1111,2005,2005,1,Deep-water Flatfish,Total,8490,6820,6820,5,1,
GOA,1116,2005,2005,1,Rex Sole,Total,16480,12650,12650,6,1,
GOA,1121,2005,2005,1,Arrowtooth Flounder,Total,253900,216900,38000,7,1,
GOA,1126,2005,2005,1,Flathead Sole,Total,56500,45100,10390,8,1,
GOA,1132,2005,2005,1,Pacific Ocean Perch,Total,16266,13575,13575,9,1,
GOA,1137,2005,2005,1,Northern Rockfish,Total,6050,5091,5091,10,1,
GOA,1141,2005,2005,1,Shortraker Rockfish,Total,982,753,753,11,1,
GOA,1145,2005,2005,1,Rougheye and Blackspotted Rockfish,Total,1531,1007,1007,13,1,
GOA,1147,2005,2005,1,Demersal Shelf Rockfish,Total,640,410,410,14,1,
GOA,1150,2005,2005,1,Thornyhead Rockfish,Total,2590,1940,1940,15,1,
GOA,1154,2005,2005,1,Other Rockfish,Total,5150,3900,670,16,1,
GOA,1157,2005,2005,1,Atka Mackerel,Total,6200,600,600,17,1,
GOA,1160,2005,2005,1,Big Skates,Total,5332,3999,3999,18,1,
GOA,1164,2005,2005,1,Longnose Skates,Total,3757,2818,2818,19,1,
GOA,1166,2005,2005,1,Other Skates,Total,1769,1327,1327,20,1,
GOA,1171,2005,2005,1,Pelagic Shelf Rockfish,Total,5680,4553,4553,26,1,
GOA,1174,2005,2005,1,Other Species,Total,,,13871,27,1,
GOA,1179,2006,2006,1,Pollock,Total,118309,85807,85807,1,1,
GOA,1184,2006,2006,1,Pacific cod,Total,95500,68859,52264,2,1,
GOA,1189,2006,2006,1,Sablefish,Total,17880,14840,14840,3,1,
GOA,1194,2006,2006,1,Shallow-water Flatfish,Total,62418,51450,19972,4,1,
GOA,1198,2006,2006,1,Deep-water Flatfish,Total,11008,8665,8665,5,1,
GOA,1203,2006,2006,1,Rex Sole,Total,12000,9200,9200,6,1,
GOA,1208,2006,2006,1,Arrowtooth Flounder,Total,207678,177844,38000,7,1,
GOA,1213,2006,2006,1,Flathead Sole,Total,47003,37820,9077,8,1,
GOA,1219,2006,2006,1,Pacific Ocean Perch,Total,16927,14261,14261,9,1,
GOA,1224,2006,2006,1,Northern Rockfish,Total,7673,5091,5091,10,1,
GOA,1228,2006,2006,1,Shortraker Rockfish,Total,1124,843,843,11,1,
GOA,1232,2006,2006,1,Rougheye and Blackspotted Rockfish,Total,1180,983,983,13,1,
GOA,1234,2006,2006,1,Demersal Shelf Rockfish,Total,650,410,410,14,1,
GOA,1237,2006,2006,1,Thornyhead Rockfish,Total,2945,2209,2209,15,1,
GOA,1241,2006,2006,1,Other Rockfish,Total,5394,4152,1480,16,1,
GOA,1244,2006,2006,1,Atka Mackerel,Total,6200,4700,1500,17,1,
GOA,1247,2006,2006,1,Big Skates,Total,4726,3544,3544,18,1,
GOA,1251,2006,2006,1,Longnose Skates,Total,3860,2895,2895,19,1,
GOA,1253,2006,2006,1,Other Skates,Total,2156,1617,1617,20,1,
GOA,1258,2006,2006,1,Pelagic Shelf Rockfish,Total,6662,5436,5436,26,1,
GOA,1261,2006,2006,1,Other Species,Total,,,13856,27,1,
GOA,1266,2007,2007,1,Pollock,Total,95429,68307,68307,1,1,
GOA,1271,2007,2007,1,Pacific cod,Total,97600,68859,52264,2,1,
GOA,1276,2007,2007,1,Sablefish,Total,16906,14310,14310,3,1,
GOA,1281,2007,2007,1,Shallow-water Flatfish,Total,62418,51450,19972,4,1,
GOA,1285,2007,2007,1,Deep-water Flatfish,Total,10431,8707,8707,5,1,
GOA,1290,2007,2007,1,Rex Sole,Total,11900,9100,9100,6,1,
GOA,1295,2007,2007,1,Arrowtooth Flounder,Total,214828,184008,43000,7,1,
GOA,1300,2007,2007,1,Flathead Sole,Total,48658,39110,9148,8,1,
GOA,1306,2007,2007,1,Pacific Ocean Perch,Total,17158,14636,14636,9,1,
GOA,1311,2007,2007,1,Northern Rockfish,Total,5890,4938,4938,10,1,
GOA,1315,2007,2007,1,Shortraker Rockfish,Total,1124,843,843,11,1,
GOA,1319,2007,2007,1,Rougheye and Blackspotted Rockfish,Total,1148,988,988,13,1,
GOA,1321,2007,2007,1,Demersal Shelf Rockfish,Total,650,410,410,14,1,
GOA,1324,2007,2007,1,Thornyhead Rockfish,Total,2945,2209,2209,15,1,
GOA,1328,2007,2007,1,Other Rockfish,Total,5394,4154,1482,16,1,
GOA,1331,2007,2007,1,Atka Mackerel,Total,6200,4700,1500,17,1,
GOA,1334,2007,2007,1,Big Skates,Total,4726,3544,3544,18,1,
GOA,1338,2007,2007,1,Longnose Skates,Total,3860,2895,2895,19,1,
GOA,1340,2007,2007,1,Other Skates,Total,2156,1617,1617,20,1,
GOA,1345,2007,2007,1,Pelagic Shelf Rockfish,Total,6458,5542,5542,26,1,
GOA,1348,2007,2007,1,Other Species,Total,,,4500,27,1,
GOA,1353,2008,2008,1,Pollock,Total,83150,60180,60180,1,1,
GOA,1358,2008,2008,1,Pacific cod,Total,88660,66493,50269,2,1,
GOA,1363,2008,2008,1,Sablefish,Total,15040,12730,12730,3,1,
GOA,1368,2008,2008,1,Shallow-water Flatfish,Total,74364,60989,22256,4,1,
GOA,1372,2008,2008,1,Deep-water Flatfish,Total,11343,8903,8903,5,1,
GOA,1377,2008,2008,1,Rex Sole,Total,11933,9132,9132,6,1,
GOA,1382,2008,2008,1,Arrowtooth Flounder,Total,266914,226470,43000,7,1,
GOA,1387,2008,2008,1,Flathead Sole,Total,55787,44735,11054,8,1,
GOA,1393,2008,2008,1,Pacific Ocean Perch,Total,17807,14999,14999,9,1,
GOA,1398,2008,2008,1,Northern Rockfish,Total,5430,4549,4549,10,1,
GOA,1402,2008,2008,1,Shortraker Rockfish,Total,1197,898,898,11,1,
GOA,1406,2008,2008,1,Rougheye and Blackspotted Rockfish,Total,1548,1286,1286,13,1,
GOA,1408,2008,2008,1,Demersal Shelf Rockfish,Total,611,382,382,14,1,
GOA,1411,2008,2008,1,Thornyhead Rockfish,Total,2540,1910,1910,15,1,
GOA,1415,2008,2008,1,Other Rockfish,Total,5624,4297,1730,16,1,
GOA,1418,2008,2008,1,Atka Mackerel,Total,6200,4700,1500,17,1,
GOA,1421,2008,2008,1,Big Skates,Total,4439,3330,3330,18,1,
GOA,1425,2008,2008,1,Longnose Skates,Total,3849,2887,2887,19,1,
GOA,1427,2008,2008,1,Other Skates,Total,2806,2104,2104,20,1,
GOA,1432,2008,2008,1,Pelagic Shelf Rockfish,Total,6400,5227,5227,26,1,
GOA,1435,2008,2008,1,Other Species,Total,,,4500,27,1,
GOA,1440,2009,2009,1,Pollock,Total,69630,49900,49900,1,1,
GOA,1445,2009,2009,1,Pacific cod,Total,66600,55300,41807,2,1,
GOA,1450,2009,2009,1,Sablefish,Total,13190,11160,11160,3,1,
GOA,1455,2009,2009,1,Shallow-water Flatfish,Total,74364,60989,22256,4,1,
GOA,1459,2009,2009,1,Deep-water Flatfish,Total,11578,9168,9168,5,1,
GOA,1464,2009,2009,1,Rex Sole,Total,11756,8996,8996,6,1,
GOA,1469,2009,2009,1,Arrowtooth Flounder,Total,261022,221512,43000,7,1,
GOA,1474,2009,2009,1,Flathead Sole,Total,57911,46464,11181,8,1,
GOA,1480,2009,2009,1,Pacific Ocean Perch,Total,17940,15111,15111,9,1,
GOA,1485,2009,2009,1,Northern Rockfish,Total,5204,4362,4362,10,1,
GOA,1489,2009,2009,1,Shortraker Rockfish,Total,1197,898,898,11,1,
GOA,1493,2009,2009,1,Rougheye and Blackspotted Rockfish,Total,1545,1284,1284,13,1,
GOA,1495,2009,2009,1,Demersal Shelf Rockfish,Total,580,362,362,14,1,
GOA,1498,2009,2009,1,Thornyhead Rockfish,Total,2540,1910,1910,15,1,
GOA,1502,2009,2009,1,Other Rockfish,Total,5624,4297,1730,16,1,
GOA,1505,2009,2009,1,Atka Mackerel,Total,6200,4700,2000,17,1,
GOA,1508,2009,2009,1,Big Skates,Total,4439,3330,3330,18,1,
GOA,1512,2009,2009,1,Longnose Skates,Total,3849,2887,2887,19,1,
GOA,1514,2009,2009,1,Other Skates,Total,2806,2104,2104,20,1,
GOA,1519,2009,2009,1,Pelagic Shelf Rockfish,Total,5803,4781,4781,26,1,
GOA,1522,2009,2009,1,Other Species,Total,8720,6540,4500,27,1,
GOA,1527,2010,2010,1,Pollock,Total,115536,84745,84745,1,1,
GOA,1532,2010,2010,1,Pacific cod,Total,94100,79100,59563,2,1,
GOA,1537,2010,2010,1,Sablefish,Total,12270,10370,10370,3,1,
GOA,1542,2010,2010,1,Shallow-water Flatfish,Total,67768,56242,20062,4,1,
GOA,1546,2010,2010,1,Deep-water Flatfish,Total,7680,6190,6190,5,1,
GOA,1551,2010,2010,1,Rex Sole,Total,12714,9729,9729,6,1,
GOA,1556,2010,2010,1,Arrowtooth Flounder,Total,254271,215882,43000,7,1,
GOA,1561,2010,2010,1,Flathead Sole,Total,59295,47422,10441,8,1,
GOA,1567,2010,2010,1,Pacific Ocean Perch,Total,20243,17584,17584,9,1,
GOA,1572,2010,2010,1,Northern Rockfish,Total,6070,5098,5098,10,1,
GOA,1576,2010,2010,1,Shortraker Rockfish,Total,1219,914,914,11,1,
GOA,1580,2010,2010,1,Rougheye and Blackspotted Rockfish,Total,1568,1302,1302,13,1,
GOA,1582,2010,2010,1,Demersal Shelf Rockfish,Total,472,295,295,14,1,
GOA,1585,2010,2010,1,Thornyhead Rockfish,Total,2360,1770,1770,15,1,
GOA,1589,2010,2010,1,Other Rockfish,Total,4881,3749,1192,16,1,
GOA,1592,2010,2010,1,Atka Mackerel,Total,6200,4700,2000,17,1,
GOA,1595,2010,2010,1,Big Skates,Total,4438,3328,3328,18,1,
GOA,1599,2010,2010,1,Longnose Skates,Total,3803,2852,2852,19,1,
GOA,1601,2010,2010,1,Other Skates,Total,2791,2093,2093,20,1,
GOA,1606,2010,2010,1,Pelagic Shelf Rockfish,Total,6142,5059,5059,26,1,
GOA,1609,2010,2010,1,Other Species,Total,9432,7075,4500,27,1,
GOA,1614,2011,2011,1,Pollock,Total,130356,96215,96215,1,1,
GOA,1619,2011,2011,1,Pacific cod,Total,102600,86800,65100,2,1,
GOA,1624,2011,2011,1,Sablefish,Total,13340,11290,11290,3,1,
GOA,1629,2011,2011,1,Shallow-water Flatfish,Total,67768,56242,20062,4,1,
GOA,1633,2011,2011,1,Deep-water Flatfish,Total,7823,6305,6305,5,1,
GOA,1638,2011,2011,1,Rex Sole,Total,12499,9565,9565,6,1,
GOA,1643,2011,2011,1,Arrowtooth Flounder,Total,251068,213150,43000,7,1,
GOA,1648,2011,2011,1,Flathead Sole,Total,61412,49133,10587,8,1,
GOA,1654,2011,2011,1,Pacific Ocean Perch,Total,19566,16997,16997,9,1,
GOA,1659,2011,2011,1,Northern Rockfish,Total,5784,4854,4854,10,1,
GOA,1663,2011,2011,1,Shortraker Rockfish,Total,1219,914,914,11,1,
GOA,1667,2011,2011,1,Rougheye and Blackspotted Rockfish,Total,1579,1312,1312,13,1,
GOA,1669,2011,2011,1,Demersal Shelf Rockfish,Total,479,300,300,14,1,
GOA,1672,2011,2011,1,Thornyhead Rockfish,Total,2360,1770,1770,15,1,
GOA,1676,2011,2011,1,Other Rockfish,Total,4881,3752,1195,16,1,
GOA,1679,2011,2011,1,Atka Mackerel,Total,6200,4700,2000,17,1,
GOA,1682,2011,2011,1,Big Skates,Total,4438,3328,3328,18,1,
GOA,1686,2011,2011,1,Longnose Skates,Total,3803,2852,2852,19,1,
GOA,1688,2011,2011,1,Other Skates,Total,2791,2093,2093,20,1,
GOA,1689,2011,2011,1,Sharks,Total,8263,6197,6197,21,1,
GOA,1690,2011,2011,1,Octopus,Total,1273,954,954,22,1,
GOA,1693,2011,2011,1,Sculpins,Total,7328,5496,5496,24,1,
GOA,1694,2011,2011,1,Squids,Total,1530,1148,1148,25,1,
GOA,1697,2011,2011,1,Pelagic Shelf Rockfish,Total,5570,4754,4754,26,1,
GOA,1704,2012,2012,1,Pollock,Total,158082,116444,116444,1,1,
GOA,1709,2012,2012,1,Pacific cod,Total,104000,87600,65700,2,1,
GOA,1714,2012,2012,1,Sablefish,Total,15330,12960,12960,3,1,
GOA,1719,2012,2012,1,Shallow-water Flatfish,Total,61681,50683,37029,4,1,
GOA,1723,2012,2012,1,Deep-water Flatfish,Total,6834,5126,5126,5,1,
GOA,1728,2012,2012,1,Rex Sole,Total,12561,9612,9612,6,1,
GOA,1733,2012,2012,1,Arrowtooth Flounder,Total,250100,212882,103300,7,1,
GOA,1738,2012,2012,1,Flathead Sole,Total,59380,47407,30319,8,1,
GOA,1744,2012,2012,1,Pacific Ocean Perch,Total,19498,16918,16918,9,1,
GOA,1749,2012,2012,1,Northern Rockfish,Total,6574,5507,5507,10,1,
GOA,1753,2012,2012,1,Shortraker Rockfish,Total,1441,1081,1081,11,1,
GOA,1757,2012,2012,1,Dusky Rockfish (pelagic shelf rockfish),Total,6257,5118,5118,12,1,
GOA,1762,2012,2012,1,Rougheye and Blackspotted Rockfish,Total,1472,1223,1223,13,1,
GOA,1764,2012,2012,1,Demersal Shelf Rockfish,Total,467,293,293,14,1,
GOA,1767,2012,2012,1,Thornyhead Rockfish,Total,2220,1665,1665,15,1,
GOA,1771,2012,2012,1,Other Rockfish,Total,5305,4045,1080,16,1,
GOA,1774,2012,2012,1,Atka Mackerel,Total,6200,4700,2000,17,1,
GOA,1777,2012,2012,1,Big Skates,Total,5023,3767,3767,18,1,
GOA,1781,2012,2012,1,Longnose Skates,Total,3500,2625,2625,19,1,
GOA,1783,2012,2012,1,Other Skates,Total,2706,2030,2030,20,1,
GOA,1784,2012,2012,1,Sharks,Total,8037,6028,6028,21,1,
GOA,1785,2012,2012,1,Octopus,Total,1941,1455,1455,22,1,
GOA,1788,2012,2012,1,Sculpins,Total,7641,5731,5731,24,1,
GOA,1789,2012,2012,1,Squids,Total,1530,1148,1148,25,1,
GOA,1794,2013,2013,1,Pollock,Total,165183,121046,121046,1,1,
GOA,1799,2013,2013,1,Pacific cod,Total,97200,80800,60600,2,1,
GOA,1804,2013,2013,1,Sablefish,Total,14780,12510,12510,3,1,
GOA,1809,2013,2013,1,Shallow-water Flatfish,Total,55680,45484,37077,4,1,
GOA,1813,2013,2013,1,Deep-water Flatfish,Total,6834,5126,5126,5,1,
GOA,1818,2013,2013,1,Rex Sole,Total,12492,9560,9560,6,1,
GOA,1823,2013,2013,1,Arrowtooth Flounder,Total,247196,210451,103300,7,1,
GOA,1828,2013,2013,1,Flathead Sole,Total,61036,48738,30496,8,1,
GOA,1833,2013,2013,1,Pacific Ocean Perch,Total,18919,16412,16412,9,1,
GOA,1839,2013,2013,1,Northern Rockfish,Total,6124,5130,5130,10,1,
GOA,1843,2013,2013,1,Shortraker Rockfish,Total,1441,1081,1081,11,1,
GOA,1847,2013,2013,1,Dusky Rockfish (pelagic shelf rockfish),Total,5746,4700,4700,12,1,
GOA,1852,2013,2013,1,Rougheye and Blackspotted Rockfish,Total,1482,1232,1232,13,1,
GOA,1854,2013,2013,1,Demersal Shelf Rockfish,Total,487,303,303,14,1,
GOA,1857,2013,2013,1,Thornyhead Rockfish,Total,2220,1665,1665,15,1,
GOA,1861,2013,2013,1,Other Rockfish,Total,5305,4045,1080,16,1,
GOA,1864,2013,2013,1,Atka Mackerel,Total,6200,4700,2000,17,1,
GOA,1867,2013,2013,1,Big Skates,Total,5023,3767,3767,18,1,
GOA,1871,2013,2013,1,Longnose Skates,Total,3500,2625,2625,19,1,
GOA,1873,2013,2013,1,Other Skates,Total,2706,2030,2030,20,1,
GOA,1874,2013,2013,1,Sharks,Total,8037,6028,6028,21,1,
GOA,1875,2013,2013,1,Octopus,Total,1941,1455,1455,22,1,
GOA,1878,2013,2013,1,Sculpins,Total,7614,5884,5884,24,1,
GOA,1879,2013,2013,1,Squids,Total,1530,1148,1148,25,1,
GOA,1884,2014,2014,1,Pollock,Total,228831,174976,174976,1,1,
GOA,1889,2014,2014,1,Pacific cod,Total,107300,88500,64738,2,1,
GOA,1894,2014,2014,1,Sablefish,Total,12500,10572,10572,3,1,
GOA,1899,2014,2014,1,Shallow-water Flatfish,Total,50007,40805,33679,4,1,
GOA,1903,2014,2014,1,Deep-water Flatfish,Total,16159,13472,13472,5,1,
GOA,1908,2014,2014,1,Rex Sole,Total,12207,9341,9341,6,1,
GOA,1913,2014,2014,1,Arrowtooth Flounder,Total,229248,195358,103300,7,1,
GOA,1918,2014,2014,1,Flathead Sole,Total,50664,41231,27746,8,1,
GOA,1923,2014,2014,1,Pacific Ocean Perch,Total,22319,19309,19309,9,1,
GOA,1929,2014,2014,1,Northern Rockfish,Total,6349,5322,5322,10,1,
GOA,1933,2014,2014,1,Shortraker Rockfish,Total,1764,1323,1323,11,1,
GOA,1937,2014,2014,1,Dusky Rockfish (pelagic shelf rockfish),Total,6708,5486,5486,12,1,
GOA,1942,2014,2014,1,Rougheye and Blackspotted Rockfish,Total,1497,1244,1244,13,1,
GOA,1944,2014,2014,1,Demersal Shelf Rockfish,Total,438,274,274,14,1,
GOA,1947,2014,2014,1,Thornyhead Rockfish,Total,2454,1841,1841,15,1,
GOA,1950,2014,2014,1,Other Rockfish,Total,5347,4081,1811,16,1,
GOA,1953,2014,2014,1,Atka Mackerel,Total,6200,4700,2000,17,1,
GOA,1956,2014,2014,1,Big Skates,Total,5016,3762,3762,18,1,
GOA,1960,2014,2014,1,Longnose Skates,Total,3835,2876,2876,19,1,
GOA,1962,2014,2014,1,Other Skates,Total,2652,1989,1989,20,1,
GOA,1963,2014,2014,1,Sharks,Total,7986,5989,5989,21,1,
GOA,1964,2014,2014,1,Octopus,Total,2009,1507,1507,22,1,
GOA,1967,2014,2014,1,Sculpins,Total,7448,5569,5569,24,1,
GOA,1968,2014,2014,1,Squids,Total,1530,1148,1148,25,1,
GOA,1973,2015,2015,1,Pollock,Total,273378,203934,199151,1,1,
GOA,1978,2015,2015,1,Pacific cod,Total,140300,102850,75202,2,1,
GOA,1983,2015,2015,1,Sablefish,Total,12425,10522,10522,3,1,
GOA,1988,2015,2015,1,Shallow-water Flatfish,Total,54207,44205,35381,4,1,
GOA,1992,2015,2015,1,Deep-water Flatfish,Total,15993,13334,13334,5,1,
GOA,1997,2015,2015,1,Rex Sole,Total,11957,9150,9150,6,1,
GOA,2002,2015,2015,1,Arrowtooth Flounder,Total,226390,192921,103300,7,1,
GOA,2007,2015,2015,1,Flathead Sole,Total,50792,41349,27756,8,1,
GOA,2012,2015,2015,1,Pacific Ocean Perch,Total,24360,21012,21012,9,1,
GOA,2018,2015,2015,1,Northern Rockfish,Total,5961,4998,4998,10,1,
GOA,2022,2015,2015,1,Shortraker Rockfish,Total,1764,1323,1323,11,1,
GOA,2026,2015,2015,1,Dusky Rockfish (pelagic shelf rockfish),Total,6246,5109,5109,12,1,
GOA,2031,2015,2015,1,Rougheye and Blackspotted Rockfish,Total,1345,1122,1122,13,1,
GOA,2033,2015,2015,1,Demersal Shelf Rockfish,Total,361,225,225,14,1,
GOA,2036,2015,2015,1,Thornyhead Rockfish,Total,2454,1841,1841,15,1,
GOA,2039,2015,2015,1,Other Rockfish,Total,5347,4080,1811,16,1,
GOA,2042,2015,2015,1,Atka Mackerel,Total,6200,4700,2000,17,1,
GOA,2045,2015,2015,1,Big Skates,Total,4340,3255,3255,18,1,
GOA,2049,2015,2015,1,Longnose Skates,Total,4291,3218,3218,19,1,
GOA,2051,2015,2015,1,Other Skates,Total,2980,2235,2235,20,1,
GOA,2052,2015,2015,1,Sharks,Total,7986,5989,5989,21,1,
GOA,2053,2015,2015,1,Octopus,Total,2009,1507,1507,22,1,
GOA,2056,2015,2015,1,Sculpins,Total,7448,5569,5569,24,1,
GOA,2057,2015,2015,1,Squids,Total,1530,1148,1148,25,1,
GOA,2062,2016,2016,1,Pollock,Total,336084,264230,257872,1,1,
GOA,2067,2016,2016,1,Pacific cod,Total,116700,98600,71925,2,1,
GOA,2072,2016,2016,1,Sablefish,Total,10326,9087,9087,3,1,
GOA,2077,2016,2016,1,Shallow-water Flatfish,Total,54520,44364,36763,4,1,
GOA,2081,2016,2016,1,Deep-water Flatfish,Total,11102,9226,9226,5,1,
GOA,2086,2016,2016,1,Rex Sole,Total,9791,7493,7493,6,1,
GOA,2091,2016,2016,1,Arrowtooth Flounder,Total,219430,186188,103300,7,1,
GOA,2096,2016,2016,1,Flathead Sole,Total,42840,35020,27832,8,1,
GOA,2101,2016,2016,1,Pacific Ocean Perch,Total,28431,24437,24437,9,1,
GOA,2107,2016,2016,1,Northern Rockfish,Total,4783,4004,4004,10,1,
GOA,2111,2016,2016,1,Shortraker Rockfish,Total,1715,1286,1286,11,1,
GOA,2115,2016,2016,1,Dusky Rockfish (pelagic shelf rockfish),Total,5733,4686,4686,12,1,
GOA,2120,2016,2016,1,Rougheye and Blackspotted Rockfish,Total,1596,1328,1328,13,1,
GOA,2122,2016,2016,1,Demersal Shelf Rockfish,Total,364,231,231,14,1,
GOA,2125,2016,2016,1,Thornyhead Rockfish,Total,2615,1961,1961,15,1,
GOA,2128,2016,2016,1,Other Rockfish,Total,7424,5773,2308,16,1,
GOA,2131,2016,2016,1,Atka Mackerel,Total,6200,4700,2000,17,1,
GOA,2134,2016,2016,1,Big Skates,Total,5086,3814,3814,18,1,
GOA,2138,2016,2016,1,Longnose Skates,Total,4274,3206,3206,19,1,
GOA,2140,2016,2016,1,Other Skates,Total,2558,1919,1919,20,1,
GOA,2141,2016,2016,1,Sharks,Total,6020,4514,4514,21,1,
GOA,2142,2016,2016,1,Octopus,Total,6504,4878,4878,22,1,
GOA,2145,2016,2016,1,Sculpins,Total,7338,5591,5591,24,1,
GOA,2146,2016,2016,1,Squids,Total,1530,1148,1148,25,1,
GOA,2151,2017,2017,1,Pollock,Total,249033,213689,208595,1,1,
GOA,2156,2017,2017,1,Pacific cod,Total,105378,88342,64442,2,1,
GOA,2161,2017,2017,1,Sablefish,Total,11885,10074,10074,3,1,
GOA,2166,2017,2017,1,Shallow-water Flatfish,Total,54583,44514,36843,4,1,
GOA,2170,2017,2017,1,Deep-water Flatfish,Total,11182,9292,9292,5,1,
GOA,2175,2017,2017,1,Rex Sole,Total,10860,8311,8311,6,1,
GOA,2180,2017,2017,1,Arrowtooth Flounder,Total,219327,186093,103300,7,1,
GOA,2185,2017,2017,1,Flathead Sole,Total,43128,35243,27856,8,1,
GOA,2190,2017,2017,1,Pacific Ocean Perch,Total,27826,23918,23918,9,1,
GOA,2196,2017,2017,1,Northern Rockfish,Total,4522,3790,3786,10,1,
GOA,2200,2017,2017,1,Shortraker Rockfish,Total,1715,1286,1286,11,1,
GOA,2204,2017,2017,1,Dusky Rockfish (pelagic shelf rockfish),Total,5233,4278,4278,12,1,
GOA,2209,2017,2017,1,Rougheye and Blackspotted Rockfish,Total,1594,1327,1327,13,1,
GOA,2211,2017,2017,1,Demersal Shelf Rockfish,Total,357,227,227,14,1,
GOA,2214,2017,2017,1,Thornyhead Rockfish,Total,2615,1961,1961,15,1,
GOA,2217,2017,2017,1,Other Rockfish,Total,7424,5773,2308,16,1,
GOA,2220,2017,2017,1,Atka Mackerel,Total,6200,4700,3000,17,1,
GOA,2223,2017,2017,1,Big Skates,Total,5086,3814,3814,18,1,
GOA,2227,2017,2017,1,Longnose Skates,Total,4274,3206,3206,19,1,
GOA,2229,2017,2017,1,Other Skates,Total,2558,1919,1919,20,1,
GOA,2230,2017,2017,1,Sharks,Total,6020,4514,4514,21,1,
GOA,2231,2017,2017,1,Octopus,Total,6504,4878,4878,22,1,
GOA,2234,2017,2017,1,Sculpins,Total,7338,5591,5591,24,1,
GOA,2235,2017,2017,1,Squids,Total,1516,1137,1137,25,1,
GOA,2240,2018,2018,1,Pollock,Total,198756,170265,166228,1,1,
GOA,2245,2018,2018,1,Pacific cod,Total,23565,18000,13096,2,1,
GOA,2250,2018,2018,1,Sablefish,Total,22703,11505,11505,3,1,
GOA,2255,2018,2018,1,Shallow-water Flatfish,Total,67240,54688,42732,4,1,
GOA,2259,2018,2018,1,Deep-water Flatfish,Total,11294,9384,9384,5,1,
GOA,2264,2018,2018,1,Rex Sole,Total,18706,15373,15373,6,1,
GOA,2269,2018,2018,1,Arrowtooth Flounder,Total,180697,150945,76300,7,1,
GOA,2274,2018,2018,1,Flathead Sole,Total,43011,35266,26388,8,1,
GOA,2279,2018,2018,1,Pacific Ocean Perch,Total,34762,29236,29236,9,1,
GOA,2285,2018,2018,1,Northern Rockfish,Total,4380,3685,3681,10,1,
GOA,2289,2018,2018,1,Shortraker Rockfish,Total,1151,864,864,11,1,
GOA,2293,2018,2018,1,Dusky Rockfish (pelagic shelf rockfish),Total,4841,3957,3957,12,1,
GOA,2298,2018,2018,1,Rougheye and Blackspotted Rockfish,Total,1735,1444,1444,13,1,
GOA,2300,2018,2018,1,Demersal Shelf Rockfish,Total,394,250,250,14,1,
GOA,2303,2018,2018,1,Thornyhead Rockfish,Total,2717,2038,2038,15,1,
GOA,2306,2018,2018,1,Other Rockfish,Total,7356,5594,2305,16,1,
GOA,2309,2018,2018,1,Atka Mackerel,Total,6200,4700,3000,17,1,
GOA,2312,2018,2018,1,Big Skates,Total,3797,2848,2848,18,1,
GOA,2316,2018,2018,1,Longnose Skates,Total,4763,3572,3572,19,1,
GOA,2318,2018,2018,1,Other Skates,Total,1845,1384,1384,20,1,
GOA,2319,2018,2018,1,Sharks,Total,6020,4514,4514,21,1,
GOA,2320,2018,2018,1,Octopus,Total,1300,975,975,22,1,
GOA,2323,2018,2018,1,Sculpins,Total,6958,5301,5301,24,1,
GOA,2324,2018,2018,1,Squids,Total,1516,1137,1137,25,1,
GOA,2329,2019,2019,1,Pollock,Total,205927,144623,141227,1,1,
GOA,2334,2019,2019,1,Pacific cod,Total,23669,17000,12368,2,1,
GOA,2339,2019,2019,1,Sablefish,Total,25227,11571,11571,3,1,
GOA,2344,2019,2019,1,Shallow-water Flatfish,Total,68309,55587,43217,4,1,
GOA,2348,2019,2019,1,Deep-water Flatfish,Total,11434,9501,9501,5,1,
GOA,2353,2019,2019,1,Rex Sole,Total,17889,14692,14692,6,1,
GOA,2358,2019,2019,1,Arrowtooth Flounder,Total,174598,145841,99295,7,1,
GOA,2363,2019,2019,1,Flathead Sole,Total,44865,36782,26489,8,1,
GOA,2368,2019,2019,1,Pacific Ocean Perch,Total,33951,28555,28555,9,1,
GOA,2374,2019,2019,1,Northern Rockfish,Total,5402,4529,4528,10,1,
GOA,2378,2019,2019,1,Shortraker Rockfish,Total,1151,863,863,11,1,
GOA,2382,2019,2019,1,Dusky Rockfish (pelagic shelf rockfish),Total,4521,3700,3700,12,1,
GOA,2387,2019,2019,1,Rougheye and Blackspotted Rockfish,Total,1715,1428,1428,13,1,
GOA,2389,2019,2019,1,Demersal Shelf Rockfish,Total,411,261,261,14,1,
GOA,2392,2019,2019,1,Thornyhead Rockfish,Total,2688,2016,2016,15,1,
GOA,2395,2019,2019,1,Other Rockfish,Total,7356,5594,5594,16,1,
GOA,2398,2019,2019,1,Atka Mackerel,Total,6200,4700,3000,17,1,
GOA,2401,2019,2019,1,Big Skates,Total,3797,2848,2848,18,1,
GOA,2405,2019,2019,1,Longnose Skates,Total,4763,3572,3572,19,1,
GOA,2407,2019,2019,1,Other Skates,Total,1845,1384,1384,20,1,
GOA,2408,2019,2019,1,Sharks,Total,10913,8184,8184,21,1,
GOA,2409,2019,2019,1,Octopus,Total,1300,975,975,22,1,
GOA,2412,2019,2019,1,Sculpins,Total,6958,5301,5301,24,1,
GOA,2417,2020,2020,1,Pollock,Total,154205,118642,115930,1,1,
GOA,2422,2020,2020,1,Pacific cod,Total,17794,14621,6431,2,1,
GOA,2427,2020,2020,1,Sablefish,Total,50481,16883,14393,3,1,
GOA,2432,2020,2020,1,Shallow-water Flatfish,Total,68010,55463,44864,4,1,
GOA,2436,2020,2020,1,Deep-water Flatfish,Total,7163,6030,6030,5,1,
GOA,2441,2020,2020,1,Rex Sole,Total,18127,14878,14878,6,1,
GOA,2446,2020,2020,1,Arrowtooth Flounder,Total,153017,128060,96969,7,1,
GOA,2451,2020,2020,1,Flathead Sole,Total,46572,38196,28262,8,1,
GOA,2456,2020,2020,1,Pacific Ocean Perch,Total,37092,31238,31238,9,1,
GOA,2462,2020,2020,1,Northern Rockfish,Total,5143,4312,4311,10,1,
GOA,2466,2020,2020,1,Shortraker Rockfish,Total,944,708,708,11,1,
GOA,2470,2020,2020,1,Dusky Rockfish (pelagic shelf rockfish),Total,4492,3676,3676,12,1,
GOA,2475,2020,2020,1,Rougheye and Blackspotted Rockfish,Total,1452,1209,1209,13,1,
GOA,2477,2020,2020,1,Demersal Shelf Rockfish,Total,375,238,238,14,1,
GOA,2480,2020,2020,1,Thornyhead Rockfish,Total,2688,2016,2016,15,1,
GOA,2483,2020,2020,1,Other Rockfish,Total,5320,4053,4053,16,1,
GOA,2486,2020,2020,1,Atka Mackerel,Total,6200,4700,3000,17,1,
GOA,2489,2020,2020,1,Big Skates,Total,4278,3208,3208,18,1,
GOA,2493,2020,2020,1,Longnose Skates,Total,3449,2587,2587,19,1,
GOA,2495,2020,2020,1,Other Skates,Total,1166,875,875,20,1,
GOA,2496,2020,2020,1,Sharks,Total,10913,8184,8184,21,1,
GOA,2497,2020,2020,1,Octopus,Total,1307,980,980,22,1,
GOA,2500,2020,2020,1,Sculpins,Total,6932,5199,5199,24,1,
GOA,2505,2021,2021,1,Pollock,Total,136986,115870,113227,1,1,
GOA,2510,2021,2021,1,Pacific cod,Total,28977,23627,17321,2,1,
GOA,2515,2021,2021,1,Sablefish,Total,60426,21475,17991,3,1,
GOA,2520,2021,2021,1,Shallow-water Flatfish,Total,68841,56164,45263,4,1,
GOA,2524,2021,2021,1,Deep-water Flatfish,Total,7040,5926,5926,5,1,
GOA,2529,2021,2021,1,Rex Sole,Total,18779,15416,15416,6,1,
GOA,2534,2021,2021,1,Arrowtooth Flounder,Total,151723,126970,97372,7,1,
GOA,2539,2021,2021,1,Flathead Sole,Total,47982,39377,28392,8,1,
GOA,2544,2021,2021,1,Pacific Ocean Perch,Total,42977,36177,36177,9,1,
GOA,2550,2021,2021,1,Northern Rockfish,Total,6396,5358,5357,10,1,
GOA,2554,2021,2021,1,Shortraker Rockfish,Total,944,708,708,11,1,
GOA,2558,2021,2021,1,Dusky Rockfish (pelagic shelf rockfish),Total,8655,5389,5389,12,1,
GOA,2563,2021,2021,1,Rougheye and Blackspotted Rockfish,Total,1456,1212,1212,13,1,
GOA,2565,2021,2021,1,Demersal Shelf Rockfish,Total,405,257,257,14,1,
GOA,2568,2021,2021,1,Thornyhead Rockfish,Total,2604,1953,1953,15,1,
GOA,2571,2021,2021,1,Other Rockfish,Total,5320,4053,1609,16,1,
GOA,2574,2021,2021,1,Atka Mackerel,Total,6200,4700,3000,17,1,
GOA,2577,2021,2021,1,Big Skates,Total,4278,3208,3208,18,1,
GOA,2581,2021,2021,1,Longnose Skates,Total,3449,2587,2587,19,1,
GOA,2583,2021,2021,1,Other Skates,Total,1166,875,875,20,1,
GOA,2584,2021,2021,1,Sharks,Total,5006,3755,3755,21,1,
GOA,2585,2021,2021,1,Octopus,Total,1307,980,980,22,1,
GOA,2592,2022,2022,1,Pollock,Total,170133,144444,141117,1,1,
GOA,2597,2022,2022,1,Pacific cod,Total,39555,32811,24111,2,1,
GOA,2602,2022,2022,1,Sablefish,Total,40432,22794,22794,3,1,
GOA,2607,2022,2022,1,Shallow-water Flatfish,Total,62273,50610,42604,4,1,
GOA,2611,2022,2022,1,Deep-water Flatfish,Total,7026,5908,5908,5,1,
GOA,2616,2022,2022,1,Rex Sole,Total,23302,19141,19141,6,1,
GOA,2621,2022,2022,1,Arrowtooth Flounder,Total,143100,119779,96501,7,1,
GOA,2626,2022,2022,1,Flathead Sole,Total,48928,40175,27437,8,1,
GOA,2631,2022,2022,1,Pacific Ocean Perch,Total,45580,38268,38268,9,1,
GOA,2637,2022,2022,1,Northern Rockfish,Total,6143,5146,5146,10,1,
GOA,2641,2022,2022,1,Shortraker Rockfish,Total,940,705,705,11,1,
GOA,2645,2022,2022,1,Dusky Rockfish (pelagic shelf rockfish),Total,8614,5372,5372,12,1,
GOA,2650,2022,2022,1,Rougheye and Blackspotted Rockfish,Total,947,788,788,13,1,
GOA,2652,2022,2022,1,Demersal Shelf Rockfish,Total,579,365,365,14,1,
GOA,2655,2022,2022,1,Thornyhead Rockfish,Total,2604,1953,1953,15,1,
GOA,2658,2022,2022,1,Other Rockfish,Total,5320,4054,1610,16,1,
GOA,2661,2022,2022,1,Atka Mackerel,Total,6200,4700,3000,17,1,
GOA,2664,2022,2022,1,Big Skates,Total,3822,2867,2867,18,1,
GOA,2668,2022,2022,1,Longnose Skates,Total,3616,2712,2712,19,1,
GOA,2670,2022,2022,1,Other Skates,Total,1311,984,984,20,1,
GOA,2671,2022,2022,1,Sharks,Total,5006,3755,3755,21,1,
GOA,2672,2022,2022,1,Octopus,Total,1307,980,980,22,1,
GOA,2679,2023,2023,1,Pollock,Total,188620,160301,156578,1,1,
GOA,2684,2023,2023,1,Pacific cod,Total,29737,24634,18103,2,1,
GOA,2689,2023,2023,1,Sablefish,Total,47390,23201,23201,3,1,
GOA,2694,2023,2023,1,Shallow-water Flatfish,Total,65736,53537,44302,4,1,
GOA,2698,2023,2023,1,Deep-water Flatfish,Total,6918,5816,5816,5,1,
GOA,2703,2023,2023,1,Rex Sole,Total,,20664,20664,6,1,
GOA,2708,2023,2023,1,Arrowtooth Flounder,Total,142749,119485,94286,7,1,
GOA,2713,2023,2023,1,Flathead Sole,Total,48161,39480,35337,8,1,
GOA,2718,2023,2023,1,Pacific Ocean Perch,Total,44302,37193,37193,9,1,
GOA,2724,2023,2023,1,Northern Rockfish,Total,5927,4964,4964,10,1,
GOA,2728,2023,2023,1,Shortraker Rockfish,Total,940,705,705,11,1,
GOA,2732,2023,2023,1,Dusky Rockfish (pelagic shelf rockfish),Total,9638,7917,7917,12,1,
GOA,2737,2023,2023,1,Rougheye and Blackspotted Rockfish,Total,930,775,775,13,1,
GOA,2739,2023,2023,1,Demersal Shelf Rockfish,Total,376,283,283,14,1,
GOA,2742,2023,2023,1,Thornyhead Rockfish,Total,2170,1628,1628,15,1,
GOA,2745,2023,2023,1,Other Rockfish,Total,5320,4054,1610,16,1,
GOA,2750,2023,2023,1,Big Skates,Total,3822,2867,2867,18,1,
GOA,2754,2023,2023,1,Longnose Skates,Total,3616,2712,2712,19,1,
GOA,2756,2023,2023,1,Other Skates,Total,1311,984,984,20,1,
GOA,2757,2023,2023,1,Sharks,Total,6521,4891,4891,21,1,
GOA,2758,2023,2023,1,Octopus,Total,1307,980,980,22,1,
GOA,2765,2024,2024,1,Pollock,Total,282914,200489,195720,1,1,
GOA,2770,2024,2024,1,Pacific cod,Total,38712,32272,23766,2,1,
GOA,2774,2024,2024,1,Sablefish,Total,55084,47146,22596,3,1,
GOA,2779,2024,2024,1,Shallow-water Flatfish,Total,68121,55565,45478,4,1,
GOA,2783,2024,2024,1,Deep-water Flatfish,Total,8387,7062,7062,5,1,
GOA,2788,2024,2024,1,Rex Sole,Total,25978,21364,21364,6,1,
GOA,2793,2024,2024,1,Arrowtooth Flounder,Total,142485,119249,94141,7,1,
GOA,2798,2024,2024,1,Flathead Sole,Total,49414,40503,35880,8,1,
GOA,2803,2024,2024,1,Pacific Ocean Perch,Total,47466,39719,39719,9,1,
GOA,2807,2024,2024,1,Northern Rockfish,Total,5750,4815,4815,10,1,
GOA,2811,2024,2024,1,Shortraker Rockfish,Total,863,647,647,11,1,
GOA,2815,2024,2024,1,Dusky Rockfish (pelagic shelf rockfish),Total,9281,7624,7624,12,1,
GOA,2820,2024,2024,1,Rougheye and Blackspotted Rockfish,Total,1555,1037,1037,13,1,
GOA,2822,2024,2024,1,Demersal Shelf Rockfish,Total,376,283,283,14,1,
GOA,2825,2024,2024,1,Thornyhead Rockfish,Total,2170,1628,1628,15,1,
GOA,2828,2024,2024,1,Other Rockfish,Total,4977,3774,1653,16,1,
GOA,2830,2024,2024,1,Atka Mackerel,Total,6200,4700,3000,17,1,
GOA,2833,2024,2024,1,Big Skates,Total,3780,2835,2835,18,1,
GOA,2837,2024,2024,1,Longnose Skates,Total,3380,2536,2536,19,1,
GOA,2839,2024,2024,1,Other Skates,Total,887,665,665,20,1,
GOA,2840,2024,2024,1,Sharks,Total,6521,4891,4891,21,1,
GOA,2841,2024,2024,1,Octopus,Total,1307,980,980,22,1,
